x,y,label,Cluster,PCA1,PCA2
-0.948692868463695,-0.368563586845994,1,2,-2.5547372982991394,-0.3530576870266716
-0.5549708304461092,-0.266787446802482,1,2,-2.4341610574943613,-0.1638627110321568
-0.5251152638811618,-0.0984422804322093,1,2,-2.3569698401423422,-0.14503926454202523
-0.1540426416322589,-0.8909353693015873,1,2,-2.619696519549002,0.008510337889443758
-0.7597339069470763,-0.1220996386837214,1,2,-2.4131503267881236,-0.2567493943928433
-0.6207958289887756,-0.0807563150301575,1,2,-2.3683013515474527,-0.18983428376691894
-0.6233071435708553,-0.7104323673993349,1,2,-2.6355504772298084,-0.20857312491821492
-0.6574001989793032,-0.0999177920166403,1,2,-2.383620349313478,-0.2076940937369909
-0.6052447338588536,-0.0689677842892706,1,2,-2.3602477896574996,-0.18214500204973286
-0.1424852863419801,-0.8794287510681897,1,2,-2.612548105607216,0.014301427197747501
-0.4391362648457289,-0.3374299725983292,1,2,-2.4412989365971574,-0.11100430117632801
-0.0770298214629292,-0.8629666806664318,1,2,-2.5926965843181895,0.04574193076970199
-0.2078548662830144,-0.9105527545325458,1,2,-2.6385940902941156,-0.017507078679471783
-0.5796460029669106,-0.151154107414186,1,2,-2.3900288513404564,-0.17231917166665114
-0.3093704469501972,-0.3193649733439088,1,2,-2.4081160859380173,-0.049079453859806964
-0.0475416395347565,-0.0186587537173181,1,2,-2.2292137553905493,0.08323175109252287
-0.4328008203301579,-0.5736103081144392,1,2,-2.5401076132607066,-0.1145883394963794
-0.7595046614296734,-0.2069073144812137,1,2,-2.4490330271502043,-0.2590046253204005
-0.7720490051433444,-0.2108859941363334,1,2,-2.453186493809351,-0.2650530636233256
-0.6921937533188611,-0.7215878844726831,1,2,-2.653828973246933,-0.2414897705713809
-0.5095814117230475,-0.8042995445430279,1,2,-2.6529421011371546,-0.15736018950494204
-0.8927272502332926,-0.5594537197612226,1,2,-2.6245951756763253,-0.33188822966917664
-0.9749544400256128,-0.2118037457112223,1,2,-2.493494424599651,-0.3611187616031736
-0.929100475506857,-0.4890050911344588,1,2,-2.601906402545587,-0.3471410425928324
-0.5042936718091369,-0.5274829680565745,1,2,-2.5346316280563435,-0.14714200972839123
-0.2662314141634851,-0.438502317527309,1,2,-2.4501001873922768,-0.03198125808109533
-0.7507909755222499,-0.4071066102478653,1,2,-2.532130858383816,-0.26046012906915383
-0.2418487230315804,-0.8972273990511894,1,2,-2.639636826953537,-0.0332258037916179
-0.7485747616738081,-0.9787541474215686,1,2,-2.7738667847232894,-0.27534395872315265
-0.4193456575740129,-0.4751565579790622,1,2,-2.4957516714771297,-0.10547560252844249
-0.0213662076275795,-0.9056021419819444,1,2,-2.5998074818560726,0.07090055938507153
-0.2129352071788162,-0.8770130346529186,1,2,-2.6253848659525625,-0.018976917888912443
-0.4041825132444501,-0.9195188696030528,1,2,-2.6810175197459754,-0.11068367030070628
-0.7636069497093558,-0.7339284173212945,1,2,-2.6731065623259584,-0.2756353401126498
-0.0935600358061492,-0.0587868061847984,1,2,-2.255267096271708,0.06033167642369917
-0.3675875971093774,-0.1415635345038026,1,2,-2.344246045132325,-0.07167942132546304
-0.3624289005529135,-0.5014335445594043,1,2,-2.4956859479181315,-0.07926789116916125
-0.7827808742877096,-0.6848153304308653,1,2,-2.6560725975756356,-0.2833419611145317
-0.9864137440454216,-0.020982339978218,1,2,-2.4149095956082878,-0.36122420446327996
-0.5141316396184266,-0.3727858453057706,1,2,-2.47103146040433,-0.14748688142972258
-0.3854770071338862,-0.3864796115085482,1,2,-2.4515214593775436,-0.08697315783464635
-0.3024730293545872,-0.3557806282769888,1,2,-2.4221861798854074,-0.04682970503082542
-0.0962347569875419,-0.051199197769165,1,2,-2.2525789111001915,0.05927714522552006
-0.5403156436514109,-0.1458969390951097,1,2,-2.380063950166042,-0.15355662152751284
-0.2222654446959495,-0.938697732752189,1,2,-2.653352491463419,-0.02511240870031208
-0.6263596978969872,-0.7976566702127457,1,2,-2.673102607526031,-0.21244906782599374
-0.5187675394117832,-0.9206464854069054,1,2,-2.704038408588032,-0.1649510020393469
-0.9656026775483042,-0.5103774655144662,1,2,-2.618141921417033,-0.36501411554934504
-0.0067891131620854,-0.6876661435235292,1,2,-2.504613526349954,0.08387451366389195
-0.6910641421563923,-0.504646324319765,1,2,-2.5617019262431957,-0.23490855667995594
-0.1652927270624786,-0.5843765374738723,1,2,-2.4920396929509767,0.01172972808208626
-0.1497959657572209,-0.3411756409332156,1,2,-2.3859616193420186,0.02584316018870923
-0.0965705944690853,-0.1303687011823058,1,2,-2.2861842373309127,0.056911592394581635
-0.2767620508093387,-0.141567243495956,1,2,-2.3263788130272145,-0.028689566118600424
-0.8877240968868136,-0.7897304901853204,1,2,-2.721164986346862,-0.3359383313759502
-0.5208168523386121,-0.5490660462528467,1,2,-2.547025783702934,-0.15556439449718276
-0.0491689010523259,-0.677392570534721,1,2,-2.5085989440260974,0.06410146315250262
-0.9198767482303084,-0.9846066352911294,1,2,-2.8100476723362315,-0.3565885092709994
-0.6235708293970674,-0.2768764232750982,1,2,-2.45193133865706,-0.19661397041143994
-0.1288731973618269,-0.4262974169105291,1,2,-2.417906189855194,0.033373926630997676
-0.1297242424916476,-0.1607549383770674,1,2,-2.3055795894522424,0.04037224003616311
-0.0704087119083851,-0.525256406981498,1,2,-2.4483268690995423,0.058288441086094746
-0.99344610911794,-0.6189667216967791,1,2,-2.6696223683889255,-0.38121966732703394
-0.508697739103809,-0.1679712131153792,1,2,-2.383195031973096,-0.13920634054508843
-0.3702983234543353,-0.762505479156971,1,2,-2.6078342978050784,-0.09026921407614055
-0.4841138625051826,-0.8209825933445245,1,2,-2.6549992584357955,-0.14577075965025624
-0.1071917889639735,-0.907480088993907,1,2,-2.6174881747065966,0.030224865172597242
-0.6230928446166217,-0.4780247872695327,1,2,-2.537051504167741,-0.20199408567988322
-0.5777628375217319,-0.2189295105636119,1,2,-2.4183706359593744,-0.17331684246125081
-0.2234765749890357,-0.924765951698646,1,2,-2.64768872672309,-0.025297363233775755
-0.4168150974437594,-0.0702285533770918,1,2,-2.3237106986090588,-0.09299177369320769
-0.0146562410518527,-0.6943609488662332,1,2,-2.5089974641920736,0.07996421314047716
-0.102305008796975,-0.815187223488465,1,2,-2.5774279445562946,0.035110261874809014
-0.4957712297327816,-0.8705930602736771,1,2,-2.678309608051071,-0.15267120805801884
-0.9602445028722286,-0.4137941962108016,1,2,-2.5761713697413793,-0.359786015197021
-0.167831728933379,-0.1038641380146145,1,2,-2.288975629597735,0.023920678350062157
-0.259554024785757,-0.1603768842760473,1,2,-2.330961835765371,-0.021068843001505595
-0.4574579286854714,-0.598324348218739,1,2,-2.5554284148405846,-0.12694797718356568
-0.8706700871698558,-0.3701594513840973,1,2,-2.5400633504125794,-0.31617207065174935
-0.0191148398444056,-0.7183624061290175,1,2,-2.5200425811571625,0.07718488633460915
-0.7902500533964485,-0.0366852562874555,1,2,-2.382969175444395,-0.26881278649471196
-0.6841447807382792,-0.0664706267416477,1,2,-2.374712506230607,-0.21942072912680657
-0.5442357985302806,-0.1772498209029436,1,2,-2.394117481850078,-0.15628598670062469
-0.4444137122482061,-0.4534362079575658,1,2,-2.4914819235348187,-0.116735543410776
-0.8654486045707017,-0.7590860305353999,1,2,-2.7038003838875455,-0.3245406797908089
-0.9726966451853514,-0.8751862905919552,1,2,-2.7740846568857767,-0.3785397252797783
-0.217820675810799,-0.6933100454043597,1,2,-2.548522351822823,-0.0161692059693407
-0.9961676558014004,-0.2426406915765255,1,2,-2.5107315818653118,-0.3720189765771179
-0.5631644916720688,-0.3450363832525909,1,2,-2.4689223257402952,-0.16992190674290944
-0.8003059313632548,-0.1477389263454824,1,2,-2.431994161892322,-0.27666774043878795
-0.7510192275512964,-0.3333201967179775,1,2,-2.5009169942327403,-0.25851160978078813
-0.8750513596460223,-0.8594706261064857,1,2,-2.7482163926648466,-0.3318837937660516
-0.0506940996274352,-0.1590550953987985,1,2,-2.289311266846749,0.0778265224885882
-0.535065317992121,-0.9036974064074456,1,2,-2.7000645116306567,-0.17219273983284858
-0.1179574348498135,-0.3744304419960826,1,2,-2.3937857980077037,0.039986248168340933
-0.5130475354380906,-0.9909806163050234,1,2,-2.732709318397329,-0.16420391928258918
-0.3777420225087553,-0.0864744044374674,1,2,-2.3229059231040035,-0.07495032937095483
-0.1982074561528861,-0.6111574992537498,1,2,-2.5098607070438477,-0.004596052746248987
-0.4262544938828796,-0.1404943068046122,1,2,-2.355335065703938,-0.09941810114004881
-0.8192082792520523,-0.6855018665082753,1,2,-2.6635300823126116,-0.3006030802381906
-0.2584111280739307,-0.296770486747846,1,2,-2.388518574201264,-0.024329410533160418
-0.2526413952000439,-0.2055165299680084,1,2,-2.348724755817292,-0.019055046865829057
-0.5340941622853279,-0.0472265109419822,1,2,-2.337039352604213,-0.14786172417349555
-0.7572092388290912,-0.6767551151569933,1,2,-2.6476270764505374,-0.2710136265852129
-0.9717894622590392,-0.9518892790656536,1,2,-2.8064005233832767,-0.38024817997517546
-0.3760980302467942,-0.3071136493235826,1,2,-2.416053779756195,-0.08032178968777318
-0.5396836716681719,-0.8400586922653019,1,2,-2.6740133024524826,-0.17260499747655836
-0.9055248794611545,-0.890286375535652,1,2,-2.7672664206393716,-0.34716654697128446
-0.6722135611344129,-0.0740570365451276,1,2,-2.37557908199534,-0.21398483679991956
-0.1709984668996185,-0.3919851121027022,1,2,-2.41165780047937,0.014391347454218089
-0.7136539411731064,-0.5821285648271441,1,2,-2.598970654658486,-0.24776042831725556
-0.8524942172225565,-0.9861128497868776,1,2,-2.7974290829354835,-0.32473668560758273
-0.8785110807511955,-0.2430064198561012,1,2,-2.4877390418893555,-0.3163394275367005
-0.0861936840228736,-0.2789131372701376,1,2,-2.3470718593688686,0.05768304501653696
-0.5055813866201788,-0.0550905929412692,1,2,-2.3347613448571756,-0.1345851139064093
-0.0319398955907672,-0.2298498668242246,1,2,-2.315613004022054,0.08473017294391402
-0.6159103405661881,-0.8100810963660479,1,2,-2.676310291648835,-0.20784942124476916
-0.229618328390643,-0.0678722793236374,1,2,-2.285883840027488,-0.004321278368393596
-0.775809260783717,-0.4486539878416806,1,2,-2.554653967895324,-0.2734598952410431
-0.5079337861388922,-0.3913955129683018,1,2,-2.4776958821506545,-0.14507196940393977
-0.5776104179676622,-0.1243970545474439,1,2,-2.3782930558326005,-0.17060991343864898
-0.9346353148575872,-0.958951015258208,1,2,-2.8020825279570625,-0.3628590337506715
-0.8695943483617157,-0.4601074669044465,1,2,-2.5779571597986912,-0.31816990581500304
-0.8094330909661949,-0.8017581701278687,1,2,-2.710857587828714,-0.29921651067208355
-0.1974921051878482,-0.5307629834860563,1,2,-2.475661753758217,-0.002016723636150815
-0.4766907871235162,-0.3811523600015789,1,2,-2.46720981378064,-0.1299983971149932
-0.4745535007677972,-0.0036148417275398,1,2,-2.3068498788293583,-0.11846413522694424
-0.3847131466027349,-0.8869508942589164,1,2,-2.6633901124042625,-0.10056061506702232
-0.0203042516950517,-0.8225040431134403,1,2,-2.564394996278602,0.07371929872282265
-0.3247845852747559,-0.75773885846138,1,2,-2.596860708171412,-0.0685935914931173
-0.904153322102502,-0.8911770095583051,1,2,-2.7673738905994614,-0.3465421787656805
-0.616474982816726,-0.615267280722037,1,2,-2.59389073386039,-0.20268687803881738
-0.7476298699621111,-0.7390446774661541,1,2,-2.672130714483235,-0.2682155955570663
-0.1409856441896408,-0.7466756659559906,1,2,-2.556013743847901,0.018711305588067866
-0.4773865905590355,-0.1366877160035073,1,2,-2.363782054947076,-0.12351408017195134
-0.5911047821864486,-0.1999301328323781,1,2,-2.4129466296208126,-0.1791023661534599
-0.4353554656263441,-0.502227425808087,1,2,-2.510369666728743,-0.11380794982137402
-0.9601914379745722,-0.8295787412207574,1,2,-2.752303295462308,-0.37134954173737966
-0.361126895295456,-0.8070199962239712,1,2,-2.624887998572796,-0.08716884974858333
-0.2094736094586551,-0.3484772494994104,1,2,-2.4007957008907717,-0.0026072408027510057
-0.424323188373819,-0.781704434659332,1,2,-2.62659643992689,-0.11637561612994354
-0.645998154534027,-0.1438705897890031,1,2,-2.3999972379508407,-0.20352226791414743
-0.3307631302159279,-0.3062036596238613,1,2,-2.4067491919157855,-0.05883830664679037
-0.7164069602731615,-0.5531594543717802,1,2,-2.5872398449169522,-0.24825607993205914
-0.4550699731335044,-0.7533777840435505,1,2,-2.62064522825857,-0.1301393100664379
-0.426620154408738,-0.0479604131542146,1,2,-2.31620607950907,-0.09701209555865634
-0.6597788124345243,-0.3695723589044064,1,2,-2.4983243843011396,-0.21633569486282003
-0.0791984400711953,-0.3254071709234267,1,2,-2.3653922970301586,0.05969819539325958
-0.3379177036695182,-0.3178201329428702,1,2,-2.4130779518120673,-0.06254851318609936
-0.8424731937702745,-0.7818330151494592,1,2,-2.7089167556407125,-0.3142998526806432
0.3769894997822121,-0.0088773767929524,1,2,-2.1415487336928947,0.28444537516884494
0.331905250926502,0.08421803987585,1,2,-2.1109796941028507,0.26570062678914563
0.5970901899971068,-0.4384208682458848,1,2,-2.280217829782803,0.3766523004797589
0.1507448353571817,0.0420949517283588,1,2,-2.1644657305892343,0.17877891485647776
0.5216943555278704,0.3564671258209273,1,2,-1.9583058235838477,0.3631205234535178
0.5353936615865678,0.5273203629767522,1,2,-1.8832306352559962,0.3743667199350537
0.8311623558867722,0.9566751205129548,1,2,-1.643150570313156,0.5263281657955721
0.433288483414799,0.5529382111271843,1,2,-1.892465858476098,0.32675184924543815
0.5919027355266735,-0.4826817429857328,1,2,-2.299989010521934,0.3729633229595637
0.2532358459429815,0.3032981931464746,1,2,-2.0336461264801153,0.23457061558354983
0.6624968293355777,0.7548571940278634,1,2,-1.7618312830811347,0.44086961644782924
0.8939489663112908,0.7103001136565581,1,2,-1.7351720338562018,0.5491797054343466
0.3523184559773654,-0.3786010351032018,1,2,-2.3030316544653275,0.2624631191961786
0.4586391113931313,-0.1416360472794622,1,2,-2.1817268739111366,0.3193919221666845
0.7862959740683436,0.9489847959484904,1,2,-1.6552353942804197,0.5048774641075743
0.7021195411449298,-0.4434915103483945,1,2,-2.261702722914982,0.4262239405731224
0.2841509457677603,0.8746096482500434,1,2,-1.7855344010949366,0.2651269413569143
0.4217723680892959,0.5893398676998913,1,2,-1.8793103664522852,0.3223155673473656
0.4235276033636183,-0.1988356786314398,1,2,-2.2128665984521048,0.3011785303949039
0.7212614755146205,0.7603011196479201,1,2,-1.7479638086344562,0.4688360964432694
0.5822300385450945,0.094993520877324,1,2,-2.0571664776060583,0.38448581957409295
0.7397234608884901,0.0890533890342339,1,2,-2.0286980627138385,0.45886575705688415
0.5845138284610585,0.2088353304425254,1,2,-2.0084893899937732,0.38873976396240967
0.7740750041790306,0.3754853717982769,1,2,-1.9005961887669178,0.48310854598161035
0.4780913054710254,0.0285807533655315,1,2,-2.1057894950337332,0.33334336303853246
0.2542781913420185,-0.4572889807168394,1,2,-2.355655112386706,0.21386508662716938
0.7932714487891644,0.992631901986897,1,2,-1.6353724587503045,0.509395648655281
0.8937582289800048,0.9363376887049526,1,2,-1.6394513264506825,0.5553894878673351
0.594187039253302,0.3274767644470557,1,2,-1.9563252191957992,0.3966250764178527
0.349951380956918,-0.347069063805975,1,2,-2.2901391883230136,0.262221575799783
0.5394753946689889,-0.1431272779591381,1,2,-2.166455077355326,0.3576121543604194
0.9356545674381778,0.7901464973110706,1,2,-1.693140965503837,0.5711454478401788
0.4138227835763246,0.6073919296031818,1,2,-1.8732267994309466,0.3190559766127385
0.9587419367628172,0.2459683967754244,1,2,-1.919133637469879,0.5669060692513299
0.725746725150384,0.3698816277319565,1,2,-1.9124781422556993,0.4600774000929612
0.9005081850336865,-0.4757249222602695,1,2,-2.2363275260476745,0.5192277496143185
0.2623665206599981,0.2081948224222287,1,2,-2.072139234058369,0.23624169035686268
0.666451765387319,-0.436415406758897,1,2,-2.265722206512634,0.40953873094579857
0.990607722941786,0.1947316244477406,1,2,-1.9345703103959464,0.5805608687873782
0.2172599830664694,0.4449921519262716,1,2,-1.980696908194872,0.22149161615541754
0.3975944731384516,0.5098739316454157,1,2,-1.9177319030327693,0.30865672188693066
0.8786084919935092,-0.3694479940459132,1,2,-2.195613015167595,0.5118242119214677
0.7998259954387322,-0.2846243004314601,1,2,-2.1751779100447215,0.47689870903958614
0.844573104660958,0.8627177483867854,1,2,-1.6803161370393982,0.5300570455780107
0.6429919208399951,-0.3162011149106547,1,2,-2.2194102315049222,0.40178519401532825
0.542108639748767,0.5932941887294874,1,2,-1.8539604898319992,0.3793838898533841
0.802322659920901,0.9255657644243912,1,2,-1.66200354674612,0.511810558156323
0.8958043246762827,-0.4349661275045946,1,2,-2.2199859553353334,0.5181373161369751
0.2869425080250949,-0.4706010529771447,1,2,-2.3548683190137147,0.22895487804565215
0.3763773071579636,-0.2013913093833252,1,2,-2.2232255000508294,0.2787899089231162
0.3974768633022905,0.2576293923193589,1,2,-2.0246155545189124,0.3015705571850508
0.2788111631991342,0.8895831443369389,1,2,-1.7802415869923305,0.26301682886760913
0.3121248718118295,-0.2923974626464769,1,2,-2.274420088011962,0.24584115459081832
0.3473979942500591,-0.2462081358535215,1,2,-2.247912957393764,0.2638241659548113
0.6321889483137056,0.4099410668713972,1,2,-1.913913755133801,0.4169107365156808
0.3280515883816406,0.7238150401972234,1,2,-1.8407799028850171,0.28170328235818903
0.2111385073512792,0.7650718111544847,1,2,-1.8463031472002802,0.2275153522461034
0.3069152983371168,0.6821157903177664,1,2,-1.8626036167861613,0.2705367267827955
0.637817763001658,-0.471468701492995,1,2,-2.2862055197619857,0.39500855864544204
0.2902677003759891,0.5471312453737482,1,2,-1.9230634840078824,0.2588947547071816
0.5173310602782294,0.7226396731566638,1,2,-1.8040394376116768,0.37126113899515967
0.6823910747189075,0.3526000914862379,1,2,-1.9283289555970178,0.4390744407542506
0.964515782892704,0.2200943243224173,1,2,-1.9289589593991776,0.56891781651554
0.7087583544198424,-0.2579448234755546,1,2,-2.181791887387219,0.43453776483688084
0.5006332195131108,-0.3661156521411612,1,2,-2.268563268675195,0.3330121237237426
0.4219964046264067,-0.2559764375910163,1,2,-2.237374871670696,0.29886116345330777
0.5101583105511963,-0.4599073245190084,1,2,-2.3064230937207983,0.3349064447451462
0.5008725792169572,0.5644442134071141,1,2,-1.8742951369271748,0.3590617517400884
0.3205833302577957,0.6415272655431181,1,2,-1.8771094646361797,0.27587486823215407
0.7249156408011913,0.7862121692160144,1,2,-1.7362679770837541,0.47128788882375644
0.4710133315995336,0.1558987298049032,1,2,-2.053245194791049,0.3335417593990588
0.3949532818049193,0.1257046702085062,1,2,-2.081000437177232,0.2966991111179687
0.6153082902776077,0.3784742355346679,1,2,-1.9305653790002604,0.4080436713657453
0.9702991760103032,0.7374513712711632,1,2,-1.7086487543434967,0.5860748852941581
0.6956011198693887,0.6897088411496952,1,2,-1.782917777527289,0.4547228903555245
0.662227945216,-0.0107711448799818,1,2,-2.086233869081184,0.41940294430337177
0.8709877383429557,0.9368979152059184,1,2,-1.6436938054289925,0.5446272706906015
0.7973009992856532,0.4795294144423678,1,2,-1.8519496930492823,0.4970018687759595
0.8506243888521567,0.1880137288244441,1,2,-1.964956260415924,0.5141160841201222
0.182359250774607,0.4090328251477331,1,2,-2.002796953188882,0.20396999419747605
0.5135729380184785,-0.0669170948676765,1,2,-2.1392654933137885,0.3474759976377528
0.6394583403365687,0.576746265636757,1,2,-1.841818478052113,0.425000671069297
0.927749719657004,0.8850961638381705,1,2,-1.6544718066552209,0.5700503030141457
0.9845416696276516,0.5124092296464369,1,2,-1.8011832484372952,0.586543888207068
0.1340223214123398,-0.2210900115314871,1,2,-2.2792509771080773,0.16352831302489154
0.6201436608098447,0.0221007441869005,1,2,-2.080587632036536,0.4003996174851796
0.7599827513564378,-0.3147207031724974,1,2,-2.1957665724383384,0.45720108499591544
0.3238681624876335,-0.3378256717696786,1,2,-2.2913548818111127,0.2501333783253952
0.3706628723768518,-0.0530702002579346,1,2,-2.1615152034795795,0.2802190958682614
0.7601200314238667,0.7572998513933271,1,2,-1.741590321118686,0.48714515336832814
0.916258938005194,0.989156640949659,1,2,-1.61264844529443,0.5675117819885146
0.2888350912602618,0.155701613985002,1,2,-2.0891700172080605,0.24730683631660763
0.422324190265499,-0.1961531441193074,1,2,-2.2119669300459037,0.3006836923964947
0.5034692299552262,0.9458072510315104,1,2,-1.7122241902068949,0.37092006598058025
0.9157837897073478,0.4905806680908426,1,2,-1.8239579316389611,0.5533906970964212
0.4504953661700711,-0.0528247557813301,1,2,-2.145705167533842,0.31801261405982534
0.5657137745292857,-0.3211067211814224,1,2,-2.236691955390437,0.36507082426242077
0.2127151789609342,0.3996274018427357,1,2,-2.000809299579793,0.21807605387497728
0.1271311711519956,-0.319714170647785,1,2,-2.3223877223977776,0.15751773455851412
0.7946249451022596,0.6826480244053528,1,2,-1.7664272983559803,0.5013964980935411
-0.2912729035597294,0.9969444965943696,1,2,-1.8469161707128918,-0.0038255924673995705
-0.5623401366174221,0.8121624579653144,1,2,-1.9785260942790976,-0.13727856090152338
-0.7999951033852994,0.711424007639289,1,2,-2.0679584628634156,-0.2525742422599343
-0.2329340137075632,0.4397081376984715,1,2,-2.0715055235796873,0.00825648163154567
-0.486838110955432,0.4869048289954663,1,2,-2.1014636774498596,-0.11060710021229672
-0.9552961236331612,0.5406637711450457,1,2,-2.1708526391991807,-0.3308414107932206
-0.3000872093252837,0.7721886793151498,1,2,-1.9438655070056703,-0.014261957815202803
-0.3536563778761774,0.6205180218443275,1,2,-2.0186581174566522,-0.04384488594118665
-0.9579703817144036,0.6091503355652095,1,2,-2.1423652169402043,-0.33019836223489907
-0.892458772752434,0.4132312625646591,1,2,-2.212475491588074,-0.3046507187140136
-0.6094418175052851,0.6631022157147527,1,2,-2.050940433945771,-0.16372751165588242
-0.7302341947797686,0.7246811764314771,1,2,-2.0486176186487493,-0.21918519280095164
-0.3591138457413763,0.3578139245510101,1,2,-2.13102339206152,-0.0537500626085581
-0.9224404660053552,0.6684516971930862,1,2,-2.110252801875076,-0.3117283489431658
-0.7227104553021491,0.3033147521317005,1,2,-2.2256444808044042,-0.22736824259414493
-0.3238995503634214,0.2306808238849044,1,2,-2.1779538983850792,-0.040625695138192607
-0.1646336989942938,0.7798635315150022,1,2,-1.9139653401036323,0.05006542222779651
-0.6354377376846969,0.2492011895403266,1,2,-2.23139924423673,-0.18756816472240326
-0.9258763201069088,0.30922313015908,1,2,-2.2631118362527314,-0.32336695225639145
-0.831071593798697,0.9553189044818282,1,2,-1.9707490954667128,-0.2604857294085
-0.3839179605711251,0.6060943646356464,1,2,-2.0307221270924396,-0.05857044779098588
-0.8060883453581482,0.9963172582909464,1,2,-1.9484654666616805,-0.24751784927765588
-0.289532077498734,0.7290942411869765,1,2,-1.960045380987627,-0.01046707251896541
-0.157126767328009,0.2594984736293554,1,2,-2.132935147482955,0.03911515158499732
-0.6909819210413843,0.9736736539751292,1,2,-1.9354124046214611,-0.1936662725441695
-0.3498418645467609,0.3186077730730176,1,2,-2.1458084819127663,-0.05045415061727412
-0.4224092464428395,0.7261577866971494,1,2,-1.9874313165938007,-0.07344293955531903
-0.7427759470883757,0.9651285018771888,1,2,-1.9492222948503126,-0.21841982368821636
-0.6756397970020771,0.7223377134650946,1,2,-2.038869627099773,-0.1934096418086775
-0.6319455911871046,0.9654228769242764,1,2,-1.9272930838785547,-0.1659528933499226
-0.6416435760911554,0.6348955273628235,1,2,-2.06922517265697,-0.17975556355516434
-0.5913153057917953,0.2137802248820662,1,2,-2.237724387671364,-0.16767117991373973
-0.5623040413483977,0.4717199051752687,1,2,-2.1227435855337538,-0.14675020630917737
-0.3813322545029223,0.5756770784035325,1,2,-2.043099356704057,-0.05819435273272724
-0.7779390730429441,0.6356059130281211,1,2,-2.0957386799296467,-0.24424776525084738
-0.3725289548747241,0.2153495682403445,1,2,-2.1940160435793787,-0.06407049388702049
-0.8781962885987014,0.2015296265482902,1,2,-2.2993545002161224,-0.30380043053462746
-0.298361133551225,0.7446013690903783,1,2,-1.9552129712919242,-0.014213870470178431
-0.6268135602585971,0.6303850617259741,1,2,-2.068218357546007,-0.1728618679285279
-0.5413428831379861,0.7165629152208568,1,2,-2.0148947967896444,-0.13000457255233458
-0.6368033916223794,0.7531389590352775,1,2,-2.0181804491729562,-0.17416893401183411
-0.1639634289313107,0.7508380321785808,1,2,-1.926129793473943,0.04957368598654208
-0.7213636029046029,0.8630274528637529,1,2,-1.9882636221448475,-0.2111305710946564
-0.9065603658091276,0.8080866530537605,1,2,-2.0479738369697875,-0.30032003728596235
-0.9440688057802618,0.2388946283608675,1,2,-2.2964848480711773,-0.3339380804164761
-0.2997534004971385,0.4354213953018189,1,2,-2.0864674412289186,-0.02349025191629985
-0.0455561242997646,0.2553766097873449,1,2,-2.112731183251019,0.09180938966395033
-0.5419051835779101,0.8456666437909008,1,2,-1.9603121048914973,-0.1266723761187555
-0.2865187667775899,0.449459352530539,1,2,-2.0779166706872063,-0.01683471274066563
-0.1961736748926341,0.7349050078541042,1,2,-1.9392166046267028,0.03388370531635241
3.377695432887535,3.408984008446968,2,1,0.7373445906240067,1.0266990675777306
2.878029031218856,2.900758998038472,2,1,0.42373769221119484,0.7760295840998616
2.9559875220552163,2.9763111412658736,2,1,0.47108186259958895,0.8150350203148792
2.684655171184247,3.384010182105089,2,1,0.5904176112373762,0.6979700504500967
2.9732701916442834,2.5484293471378843,2,1,0.2932147874090928,0.811289516715757
2.9099727126231123,3.050894720241565,2,1,0.49362549765219543,0.7953338574547435
2.636234821309574,3.1445283507294564,2,1,0.4794377680129228,0.6683767332739249
2.558917035646868,2.621050740429778,2,1,0.24246114894935206,0.6171900912850001
2.95018980603891,3.002301018504567,2,1,0.4809515477963889,0.8130152025302049
3.4616253086889186,3.2298402709185208,2,1,0.6779645612250035,1.0614320864855549
2.516087843883779,2.978507346808827,2,1,0.3854674366594582,0.6068809260819141
3.4509856853299405,2.785387528213877,2,1,0.4875840273149709,1.0440084154744005
3.1171896444695006,3.098885549208394,2,1,0.5547236328512364,0.8947523017970656
3.002977497897184,2.999290513014148,2,1,0.49006150735784454,0.8379170036575294
3.0959018962030926,3.03066445488766,2,1,0.5216344454510897,0.8827748470768276
3.2020025925208286,2.967953637498431,2,1,0.5159417254260678,0.9312470484801798
2.5648466997189536,2.9578557576995563,2,1,0.3863113292941039,0.6293840924149523
2.987631289173589,2.937183611567717,2,1,0.46073145226863876,0.8289222385842028
3.3890943923329537,3.230186536905108,2,1,0.6638416917402501,1.027111075974957
2.7516650562214675,3.224386907930149,2,1,0.5359784038037447,0.7252384922632725
2.518976488171659,3.079366249516415,2,1,0.4287634619364084,0.6110593065267975
2.95866035159094,2.975663483317522,2,1,0.4713333358870164,0.8162820847246451
2.503897887530416,3.4214513849236208,2,1,0.5707173875597364,0.6134567468748806
2.800090855982854,3.4873929475175807,2,1,0.6569250808990799,0.7554900498867059
3.218384032414933,3.016914060532179,2,1,0.5399060942764883,0.9403653984782331
3.3784553768286383,2.8161608727890823,2,1,0.4863513611518988,1.0105357486453557
2.728466540827384,3.2451362389073406,2,1,0.5402045993778124,0.714836386171763
3.547384592239366,2.5907962123324624,2,1,0.42411293579793674,1.0842127815487888
2.829758064052171,2.76315283630214,2,1,0.3559457000907565,0.7493464267568489
2.872609447655535,2.994919701374398,2,1,0.4625615608403026,0.7760887859939659
2.898996190278629,2.852568347102298,2,1,0.4074473036143169,0.7846106968668844
2.5506755923939983,2.9788489421247624,2,1,0.39241686152517663,0.6232616765846657
3.228128876701788,3.288304508301814,2,1,0.6567947301888234,0.9525419993556515
3.053238759381709,2.934362936587513,2,1,0.47244396425601315,0.8598972461215498
3.39173343017768,2.855713863841105,2,1,0.5057198261356386,1.0179229880751717
3.233589125715529,2.862961619613928,2,1,0.47767731815083475,0.9432714178915692
3.0074464060413373,2.7850741712671216,2,1,0.40019040741331935,0.8340616628688208
3.002749458459676,2.978066181636721,2,1,0.48102519825311146,0.8372175077120989
2.565626669775684,3.153202704806772,2,1,0.46922127797577534,0.6351979329104709
2.60207655784808,2.9783794533113714,2,1,0.4023304724543637,0.6475779286800989
2.7257897950587027,3.220056907563653,2,1,0.5290534109438649,0.7128704118641028
2.9001974022331067,2.330448012256225,2,1,0.1864933208354939,0.7706268517921303
3.0705486293691293,2.986658229285665,2,1,0.49800376962903636,0.8695479935108533
3.14263278244668,3.0046814328093165,2,1,0.5198207595584949,0.9041695292916013
2.466419883920348,3.0845637458951294,2,1,0.4206254596736245,0.5863278400975951
2.892174216090463,3.4029221622460004,2,1,0.6392562618263202,0.7967210138687222
2.999143284813726,2.988715954962532,2,1,0.4848273827981438,0.8358074451173406
2.788301513549948,2.812315377374952,2,1,0.3686167843645965,0.7310942707929199
3.1097505050863634,3.311299155709201,2,1,0.6432466683575243,0.897151513906151
2.643694351302254,2.6951936852427054,2,1,0.2905498480352497,0.6593837676924158
2.726869903660611,3.106106536479704,2,1,0.48099213793240747,0.7102056573450868
3.485427875105665,2.602158826971868,2,1,0.41673735935440737,1.0552038437955065
2.9799310376153363,2.961089103115492,2,1,0.4693438109673048,0.8259438085876512
2.876008288223964,2.864213850028157,2,1,0.4078582021603219,0.7740545396023955
2.9968068125682388,2.998333051936644,2,1,0.4884418838749145,0.8349695808366548
2.5827141122803265,3.458545083192829,2,1,0.6019378262806715,0.6517962653717525
2.4813122716246787,2.594880235988832,2,1,0.21610653624477077,0.5797284354043735
3.160752792256506,2.473752047972992,2,1,0.29846348784838844,0.8979482425284719
3.009127388647544,2.996074369078092,2,1,0.48990893974992433,0.8407382582131545
3.375350234864944,3.184923125381501,2,1,0.6419623722324728,1.019344058614769
2.980989608732937,3.324519258792556,2,1,0.6235150992667967,0.8365742911950903
2.6442888707362364,2.9439801917406228,2,1,0.39606236954386836,0.6665992839720908
3.191911655649489,2.607567388307332,2,1,0.3612829469878241,0.9164261646452145
3.246857926204019,2.865395278150032,2,1,0.48131878220333313,0.9496196969090244
3.149164701958149,3.0311559133390054,2,1,0.5323214447566446,0.9079991371320422
2.758968532974871,3.5440692259676507,2,1,0.6728450291770968,0.7376055130127768
2.9029074737178835,2.8342640092040865,2,1,0.40046237694239256,0.7859518292891763
2.708044509256051,2.712833608330784,2,1,0.31068289766638824,0.6903339312059316
3.0819146739727725,2.7493248871095,2,1,0.3996963432603454,0.8683129252742621
2.8787006594660323,3.5021099625850187,2,1,0.6786252829565705,0.7931081867850392
2.8990421531633404,2.8103551804269093,2,1,0.38957322113423976,0.7834558973417747
3.050222262058825,3.05768314118924,2,1,0.5240936994971566,0.8619066140386042
2.760314110517369,2.8884258825316307,2,1,0.3953539535645457,0.7199684796151762
2.9028342587382694,2.9068378173696097,2,1,0.43119303632682215,0.7879399339801474
2.9981681364303334,3.193691240581302,2,1,0.5714709690793602,0.8410589036674355
2.7360429520545297,3.0790288990081183,2,1,0.4713256904745589,0.7137927849422026
2.6927407949575546,2.8817351163756904,2,1,0.37922527258877947,0.687797888737603
3.550950833617748,2.6490364299747347,2,1,0.4494873515896011,1.0875240279214136
2.9932078572159893,2.7698410231241555,2,1,0.3909358000288603,0.8268976339883538
2.630268609333741,3.0387734281189305,2,1,0.43346212652322674,0.6626052039148304
3.456746200128213,3.529842226624118,2,1,0.8040970532058507,1.06748426465936
2.6859932224970087,3.5620323303907826,2,1,0.6660979026956387,0.7035651720060611
3.6958333052451136,2.9896276190352724,2,1,0.6222787473385093,1.165593327958277
2.850622075996357,2.6009553192437957,2,1,0.2913373140717547,0.7547011464384655
3.3808927370925312,2.783069350553335,2,1,0.47281203684972506,1.0107670923552456
3.053615202477901,2.9081021502655,2,1,0.4613929431005193,0.8593434917644529
2.8570695290532,2.933810125554776,2,1,0.43361590131883904,0.7670301304961439
2.8040157297951804,2.5328387496193514,2,1,0.25331128622823684,0.7307426916571225
3.5239334096814914,3.2229451210894804,2,1,0.6873018584541971,1.0907318589054216
2.997829859651096,3.013872710713972,2,1,0.4952263543955554,0.8358869316171168
2.6022826841018745,3.51871310290508,2,1,0.631277194044886,0.6627355384242362
3.192429494397114,2.960237214287825,2,1,0.5107893623093681,0.9265007961264937
2.941530296821828,2.4733860405339825,2,1,0.2551791172095942,0.7941746576845609
3.639376652610036,3.2415279603658744,2,1,0.7178862965563988,1.1458919133336833
3.2826854739305205,2.845451350861003,2,1,0.4799183926685934,0.9660218817449737
2.826360246252744,3.5684202834201244,2,1,0.6964195625088274,0.7701823703244282
2.978595840210877,2.816995495421425,2,1,0.40803751903203994,0.8212956857038568
2.591623947518189,3.2867114729239217,2,1,0.5308953831377092,0.6512242052450562
2.726135814941252,3.2956669988516403,2,1,0.5611528362118201,0.7151415772254232
2.660549632622403,3.244192229844633,2,1,0.5264428686918942,0.6826633366533662
3.377695432887535,3.408984008446968,2,1,0.7373445906240067,1.0266990675777306
2.878029031218856,2.900758998038472,2,1,0.42373769221119484,0.7760295840998616
2.9559875220552163,2.9763111412658736,2,1,0.47108186259958895,0.8150350203148792
2.684655171184247,3.384010182105089,2,1,0.5904176112373762,0.6979700504500967
2.9732701916442834,2.5484293471378843,2,1,0.2932147874090928,0.811289516715757
2.9099727126231123,3.050894720241565,2,1,0.49362549765219543,0.7953338574547435
2.636234821309574,3.1445283507294564,2,1,0.4794377680129228,0.6683767332739249
2.558917035646868,2.621050740429778,2,1,0.24246114894935206,0.6171900912850001
2.95018980603891,3.002301018504567,2,1,0.4809515477963889,0.8130152025302049
3.4616253086889186,3.2298402709185208,2,1,0.6779645612250035,1.0614320864855549
2.516087843883779,2.978507346808827,2,1,0.3854674366594582,0.6068809260819141
3.4509856853299405,2.785387528213877,2,1,0.4875840273149709,1.0440084154744005
3.1171896444695006,3.098885549208394,2,1,0.5547236328512364,0.8947523017970656
3.002977497897184,2.999290513014148,2,1,0.49006150735784454,0.8379170036575294
3.0959018962030926,3.03066445488766,2,1,0.5216344454510897,0.8827748470768276
3.2020025925208286,2.967953637498431,2,1,0.5159417254260678,0.9312470484801798
2.5648466997189536,2.9578557576995563,2,1,0.3863113292941039,0.6293840924149523
2.987631289173589,2.937183611567717,2,1,0.46073145226863876,0.8289222385842028
3.3890943923329537,3.230186536905108,2,1,0.6638416917402501,1.027111075974957
2.7516650562214675,3.224386907930149,2,1,0.5359784038037447,0.7252384922632725
2.518976488171659,3.079366249516415,2,1,0.4287634619364084,0.6110593065267975
2.95866035159094,2.975663483317522,2,1,0.4713333358870164,0.8162820847246451
2.503897887530416,3.4214513849236208,2,1,0.5707173875597364,0.6134567468748806
2.800090855982854,3.4873929475175807,2,1,0.6569250808990799,0.7554900498867059
3.218384032414933,3.016914060532179,2,1,0.5399060942764883,0.9403653984782331
3.3784553768286383,2.8161608727890823,2,1,0.4863513611518988,1.0105357486453557
2.728466540827384,3.2451362389073406,2,1,0.5402045993778124,0.714836386171763
3.547384592239366,2.5907962123324624,2,1,0.42411293579793674,1.0842127815487888
2.829758064052171,2.76315283630214,2,1,0.3559457000907565,0.7493464267568489
2.872609447655535,2.994919701374398,2,1,0.4625615608403026,0.7760887859939659
2.898996190278629,2.852568347102298,2,1,0.4074473036143169,0.7846106968668844
2.5506755923939983,2.9788489421247624,2,1,0.39241686152517663,0.6232616765846657
3.228128876701788,3.288304508301814,2,1,0.6567947301888234,0.9525419993556515
3.053238759381709,2.934362936587513,2,1,0.47244396425601315,0.8598972461215498
3.39173343017768,2.855713863841105,2,1,0.5057198261356386,1.0179229880751717
3.233589125715529,2.862961619613928,2,1,0.47767731815083475,0.9432714178915692
3.0074464060413373,2.7850741712671216,2,1,0.40019040741331935,0.8340616628688208
3.002749458459676,2.978066181636721,2,1,0.48102519825311146,0.8372175077120989
2.565626669775684,3.153202704806772,2,1,0.46922127797577534,0.6351979329104709
2.60207655784808,2.9783794533113714,2,1,0.4023304724543637,0.6475779286800989
2.7257897950587027,3.220056907563653,2,1,0.5290534109438649,0.7128704118641028
2.9001974022331067,2.330448012256225,2,1,0.1864933208354939,0.7706268517921303
3.0705486293691293,2.986658229285665,2,1,0.49800376962903636,0.8695479935108533
3.14263278244668,3.0046814328093165,2,1,0.5198207595584949,0.9041695292916013
2.466419883920348,3.0845637458951294,2,1,0.4206254596736245,0.5863278400975951
2.892174216090463,3.4029221622460004,2,1,0.6392562618263202,0.7967210138687222
2.999143284813726,2.988715954962532,2,1,0.4848273827981438,0.8358074451173406
2.788301513549948,2.812315377374952,2,1,0.3686167843645965,0.7310942707929199
3.1097505050863634,3.311299155709201,2,1,0.6432466683575243,0.897151513906151
2.643694351302254,2.6951936852427054,2,1,0.2905498480352497,0.6593837676924158
2.726869903660611,3.106106536479704,2,1,0.48099213793240747,0.7102056573450868
3.485427875105665,2.602158826971868,2,1,0.41673735935440737,1.0552038437955065
2.9799310376153363,2.961089103115492,2,1,0.4693438109673048,0.8259438085876512
2.876008288223964,2.864213850028157,2,1,0.4078582021603219,0.7740545396023955
2.9968068125682388,2.998333051936644,2,1,0.4884418838749145,0.8349695808366548
2.5827141122803265,3.458545083192829,2,1,0.6019378262806715,0.6517962653717525
2.4813122716246787,2.594880235988832,2,1,0.21610653624477077,0.5797284354043735
3.160752792256506,2.473752047972992,2,1,0.29846348784838844,0.8979482425284719
3.009127388647544,2.996074369078092,2,1,0.48990893974992433,0.8407382582131545
3.375350234864944,3.184923125381501,2,1,0.6419623722324728,1.019344058614769
2.980989608732937,3.324519258792556,2,1,0.6235150992667967,0.8365742911950903
2.6442888707362364,2.9439801917406228,2,1,0.39606236954386836,0.6665992839720908
3.191911655649489,2.607567388307332,2,1,0.3612829469878241,0.9164261646452145
3.246857926204019,2.865395278150032,2,1,0.48131878220333313,0.9496196969090244
3.149164701958149,3.0311559133390054,2,1,0.5323214447566446,0.9079991371320422
2.758968532974871,3.5440692259676507,2,1,0.6728450291770968,0.7376055130127768
2.9029074737178835,2.8342640092040865,2,1,0.40046237694239256,0.7859518292891763
2.708044509256051,2.712833608330784,2,1,0.31068289766638824,0.6903339312059316
3.0819146739727725,2.7493248871095,2,1,0.3996963432603454,0.8683129252742621
2.8787006594660323,3.5021099625850187,2,1,0.6786252829565705,0.7931081867850392
2.8990421531633404,2.8103551804269093,2,1,0.38957322113423976,0.7834558973417747
3.050222262058825,3.05768314118924,2,1,0.5240936994971566,0.8619066140386042
2.760314110517369,2.8884258825316307,2,1,0.3953539535645457,0.7199684796151762
2.9028342587382694,2.9068378173696097,2,1,0.43119303632682215,0.7879399339801474
2.9981681364303334,3.193691240581302,2,1,0.5714709690793602,0.8410589036674355
2.7360429520545297,3.0790288990081183,2,1,0.4713256904745589,0.7137927849422026
2.6927407949575546,2.8817351163756904,2,1,0.37922527258877947,0.687797888737603
3.550950833617748,2.6490364299747347,2,1,0.4494873515896011,1.0875240279214136
2.9932078572159893,2.7698410231241555,2,1,0.3909358000288603,0.8268976339883538
2.630268609333741,3.0387734281189305,2,1,0.43346212652322674,0.6626052039148304
3.456746200128213,3.529842226624118,2,1,0.8040970532058507,1.06748426465936
2.6859932224970087,3.5620323303907826,2,1,0.6660979026956387,0.7035651720060611
3.6958333052451136,2.9896276190352724,2,1,0.6222787473385093,1.165593327958277
2.850622075996357,2.6009553192437957,2,1,0.2913373140717547,0.7547011464384655
3.3808927370925312,2.783069350553335,2,1,0.47281203684972506,1.0107670923552456
3.053615202477901,2.9081021502655,2,1,0.4613929431005193,0.8593434917644529
2.8570695290532,2.933810125554776,2,1,0.43361590131883904,0.7670301304961439
2.8040157297951804,2.5328387496193514,2,1,0.25331128622823684,0.7307426916571225
3.5239334096814914,3.2229451210894804,2,1,0.6873018584541971,1.0907318589054216
2.997829859651096,3.013872710713972,2,1,0.4952263543955554,0.8358869316171168
2.6022826841018745,3.51871310290508,2,1,0.631277194044886,0.6627355384242362
3.192429494397114,2.960237214287825,2,1,0.5107893623093681,0.9265007961264937
2.941530296821828,2.4733860405339825,2,1,0.2551791172095942,0.7941746576845609
3.639376652610036,3.2415279603658744,2,1,0.7178862965563988,1.1458919133336833
3.2826854739305205,2.845451350861003,2,1,0.4799183926685934,0.9660218817449737
2.826360246252744,3.5684202834201244,2,1,0.6964195625088274,0.7701823703244282
2.978595840210877,2.816995495421425,2,1,0.40803751903203994,0.8212956857038568
2.591623947518189,3.2867114729239217,2,1,0.5308953831377092,0.6512242052450562
2.726135814941252,3.2956669988516403,2,1,0.5611528362118201,0.7151415772254232
2.660549632622403,3.244192229844633,2,1,0.5264428686918942,0.6826633366533662
3.377695432887535,3.408984008446968,2,1,0.7373445906240067,1.0266990675777306
2.878029031218856,2.900758998038472,2,1,0.42373769221119484,0.7760295840998616
2.9559875220552163,2.9763111412658736,2,1,0.47108186259958895,0.8150350203148792
2.684655171184247,3.384010182105089,2,1,0.5904176112373762,0.6979700504500967
2.9732701916442834,2.5484293471378843,2,1,0.2932147874090928,0.811289516715757
2.9099727126231123,3.050894720241565,2,1,0.49362549765219543,0.7953338574547435
2.636234821309574,3.1445283507294564,2,1,0.4794377680129228,0.6683767332739249
2.558917035646868,2.621050740429778,2,1,0.24246114894935206,0.6171900912850001
2.95018980603891,3.002301018504567,2,1,0.4809515477963889,0.8130152025302049
3.4616253086889186,3.2298402709185208,2,1,0.6779645612250035,1.0614320864855549
2.516087843883779,2.978507346808827,2,1,0.3854674366594582,0.6068809260819141
3.4509856853299405,2.785387528213877,2,1,0.4875840273149709,1.0440084154744005
3.1171896444695006,3.098885549208394,2,1,0.5547236328512364,0.8947523017970656
3.002977497897184,2.999290513014148,2,1,0.49006150735784454,0.8379170036575294
3.0959018962030926,3.03066445488766,2,1,0.5216344454510897,0.8827748470768276
3.2020025925208286,2.967953637498431,2,1,0.5159417254260678,0.9312470484801798
2.5648466997189536,2.9578557576995563,2,1,0.3863113292941039,0.6293840924149523
2.987631289173589,2.937183611567717,2,1,0.46073145226863876,0.8289222385842028
3.3890943923329537,3.230186536905108,2,1,0.6638416917402501,1.027111075974957
2.7516650562214675,3.224386907930149,2,1,0.5359784038037447,0.7252384922632725
2.518976488171659,3.079366249516415,2,1,0.4287634619364084,0.6110593065267975
2.95866035159094,2.975663483317522,2,1,0.4713333358870164,0.8162820847246451
2.503897887530416,3.4214513849236208,2,1,0.5707173875597364,0.6134567468748806
2.800090855982854,3.4873929475175807,2,1,0.6569250808990799,0.7554900498867059
3.218384032414933,3.016914060532179,2,1,0.5399060942764883,0.9403653984782331
3.3784553768286383,2.8161608727890823,2,1,0.4863513611518988,1.0105357486453557
2.728466540827384,3.2451362389073406,2,1,0.5402045993778124,0.714836386171763
3.547384592239366,2.5907962123324624,2,1,0.42411293579793674,1.0842127815487888
2.829758064052171,2.76315283630214,2,1,0.3559457000907565,0.7493464267568489
2.872609447655535,2.994919701374398,2,1,0.4625615608403026,0.7760887859939659
2.898996190278629,2.852568347102298,2,1,0.4074473036143169,0.7846106968668844
2.5506755923939983,2.9788489421247624,2,1,0.39241686152517663,0.6232616765846657
3.228128876701788,3.288304508301814,2,1,0.6567947301888234,0.9525419993556515
3.053238759381709,2.934362936587513,2,1,0.47244396425601315,0.8598972461215498
3.39173343017768,2.855713863841105,2,1,0.5057198261356386,1.0179229880751717
3.233589125715529,2.862961619613928,2,1,0.47767731815083475,0.9432714178915692
3.0074464060413373,2.7850741712671216,2,1,0.40019040741331935,0.8340616628688208
3.002749458459676,2.978066181636721,2,1,0.48102519825311146,0.8372175077120989
2.565626669775684,3.153202704806772,2,1,0.46922127797577534,0.6351979329104709
2.60207655784808,2.9783794533113714,2,1,0.4023304724543637,0.6475779286800989
2.7257897950587027,3.220056907563653,2,1,0.5290534109438649,0.7128704118641028
2.9001974022331067,2.330448012256225,2,1,0.1864933208354939,0.7706268517921303
3.0705486293691293,2.986658229285665,2,1,0.49800376962903636,0.8695479935108533
3.14263278244668,3.0046814328093165,2,1,0.5198207595584949,0.9041695292916013
2.466419883920348,3.0845637458951294,2,1,0.4206254596736245,0.5863278400975951
2.892174216090463,3.4029221622460004,2,1,0.6392562618263202,0.7967210138687222
2.999143284813726,2.988715954962532,2,1,0.4848273827981438,0.8358074451173406
2.788301513549948,2.812315377374952,2,1,0.3686167843645965,0.7310942707929199
3.1097505050863634,3.311299155709201,2,1,0.6432466683575243,0.897151513906151
2.643694351302254,2.6951936852427054,2,1,0.2905498480352497,0.6593837676924158
2.726869903660611,3.106106536479704,2,1,0.48099213793240747,0.7102056573450868
3.485427875105665,2.602158826971868,2,1,0.41673735935440737,1.0552038437955065
2.9799310376153363,2.961089103115492,2,1,0.4693438109673048,0.8259438085876512
2.876008288223964,2.864213850028157,2,1,0.4078582021603219,0.7740545396023955
2.9968068125682388,2.998333051936644,2,1,0.4884418838749145,0.8349695808366548
2.5827141122803265,3.458545083192829,2,1,0.6019378262806715,0.6517962653717525
2.4813122716246787,2.594880235988832,2,1,0.21610653624477077,0.5797284354043735
3.160752792256506,2.473752047972992,2,1,0.29846348784838844,0.8979482425284719
3.009127388647544,2.996074369078092,2,1,0.48990893974992433,0.8407382582131545
3.375350234864944,3.184923125381501,2,1,0.6419623722324728,1.019344058614769
2.980989608732937,3.324519258792556,2,1,0.6235150992667967,0.8365742911950903
2.6442888707362364,2.9439801917406228,2,1,0.39606236954386836,0.6665992839720908
3.191911655649489,2.607567388307332,2,1,0.3612829469878241,0.9164261646452145
3.246857926204019,2.865395278150032,2,1,0.48131878220333313,0.9496196969090244
3.149164701958149,3.0311559133390054,2,1,0.5323214447566446,0.9079991371320422
2.758968532974871,3.5440692259676507,2,1,0.6728450291770968,0.7376055130127768
2.9029074737178835,2.8342640092040865,2,1,0.40046237694239256,0.7859518292891763
2.708044509256051,2.712833608330784,2,1,0.31068289766638824,0.6903339312059316
3.0819146739727725,2.7493248871095,2,1,0.3996963432603454,0.8683129252742621
2.8787006594660323,3.5021099625850187,2,1,0.6786252829565705,0.7931081867850392
2.8990421531633404,2.8103551804269093,2,1,0.38957322113423976,0.7834558973417747
3.050222262058825,3.05768314118924,2,1,0.5240936994971566,0.8619066140386042
2.760314110517369,2.8884258825316307,2,1,0.3953539535645457,0.7199684796151762
2.9028342587382694,2.9068378173696097,2,1,0.43119303632682215,0.7879399339801474
2.9981681364303334,3.193691240581302,2,1,0.5714709690793602,0.8410589036674355
2.7360429520545297,3.0790288990081183,2,1,0.4713256904745589,0.7137927849422026
2.6927407949575546,2.8817351163756904,2,1,0.37922527258877947,0.687797888737603
3.550950833617748,2.6490364299747347,2,1,0.4494873515896011,1.0875240279214136
2.9932078572159893,2.7698410231241555,2,1,0.3909358000288603,0.8268976339883538
2.630268609333741,3.0387734281189305,2,1,0.43346212652322674,0.6626052039148304
3.456746200128213,3.529842226624118,2,1,0.8040970532058507,1.06748426465936
2.6859932224970087,3.5620323303907826,2,1,0.6660979026956387,0.7035651720060611
3.6958333052451136,2.9896276190352724,2,1,0.6222787473385093,1.165593327958277
2.850622075996357,2.6009553192437957,2,1,0.2913373140717547,0.7547011464384655
3.3808927370925312,2.783069350553335,2,1,0.47281203684972506,1.0107670923552456
3.053615202477901,2.9081021502655,2,1,0.4613929431005193,0.8593434917644529
2.8570695290532,2.933810125554776,2,1,0.43361590131883904,0.7670301304961439
2.8040157297951804,2.5328387496193514,2,1,0.25331128622823684,0.7307426916571225
3.5239334096814914,3.2229451210894804,2,1,0.6873018584541971,1.0907318589054216
2.997829859651096,3.013872710713972,2,1,0.4952263543955554,0.8358869316171168
2.6022826841018745,3.51871310290508,2,1,0.631277194044886,0.6627355384242362
3.192429494397114,2.960237214287825,2,1,0.5107893623093681,0.9265007961264937
2.941530296821828,2.4733860405339825,2,1,0.2551791172095942,0.7941746576845609
3.639376652610036,3.2415279603658744,2,1,0.7178862965563988,1.1458919133336833
3.2826854739305205,2.845451350861003,2,1,0.4799183926685934,0.9660218817449737
2.826360246252744,3.5684202834201244,2,1,0.6964195625088274,0.7701823703244282
2.978595840210877,2.816995495421425,2,1,0.40803751903203994,0.8212956857038568
2.591623947518189,3.2867114729239217,2,1,0.5308953831377092,0.6512242052450562
2.726135814941252,3.2956669988516403,2,1,0.5611528362118201,0.7151415772254232
2.660549632622403,3.244192229844633,2,1,0.5264428686918942,0.6826633366533662
3.475879392508172,4.741991201801154,2,1,1.3213743176404684,1.1103251887065233
3.544685280306465,5.069287182411703,2,1,1.4735662230880335,1.1520150150757087
3.219544650660924,3.8357531294370615,2,1,0.8870262349312379,0.9637372264908852
3.255642664458176,4.550572903718896,2,1,1.196953292134372,1.0007465807499067
3.8920602335715726,4.219648072564342,2,1,1.181968062287331,1.292755169897997
2.769768658290264,4.876222916658031,2,1,1.2393214904633985,0.7798469336405495
3.3072865853716404,4.946382167972652,2,1,1.37479366153549,1.0362228124975486
2.8105835218758446,4.492713735772105,2,1,1.0848820334596774,0.7884765370363767
3.19724945390872,5.186643752425828,2,1,1.4549292877539406,0.9908360506313116
3.2431908503910685,4.725631490464656,2,1,1.2686651191195188,0.9997320211713125
3.844866071973492,4.836679867694938,2,1,1.4340816551110578,1.2876147725401452
3.288961187821005,4.493648122134629,2,1,1.1793927672431954,1.0149304616440846
3.3225588028753315,4.437720175583871,2,1,1.1623094479493195,1.0292742270188426
3.217208596159152,4.4236383323841295,2,1,1.1356174854366492,0.9790169048076429
3.362065972163956,3.813570647695216,2,1,0.9056681883710356,1.0305777987135472
3.1681171045433763,4.533369648589981,2,1,1.1724457580651448,0.9588391018065237
2.794132418051806,4.360092496054681,2,1,1.0254620112513444,0.776993439910578
3.5855935139224235,4.325368115008637,2,1,1.1664616104397678,1.1506435580521446
3.2286304908814776,4.841415907597947,2,1,1.3148512920442665,0.996067360404679
2.9741672596507662,4.262488628624402,2,1,1.0195328788326443,0.8594879551139387
3.5353605848425023,5.0307423977359385,2,1,1.4554026474902513,1.1465270973674269
3.146248076984106,4.27494917851995,2,1,1.058666421648167,0.9412853236312425
2.982888401973089,4.42791721297066,2,1,1.0913305828889892,0.8682266700340193
3.298536478733077,4.489574147070205,2,1,1.179550694426328,1.0193491328491222
3.7763346746613657,4.6731525444398665,2,1,1.3513224703165294,1.2506193885483832
3.2746286854366176,4.800460154083944,2,1,1.30655043174747,1.0166979254261093
3.142971002655548,4.5346945373380265,2,1,1.1680598473550552,0.9469737620383633
3.5192567045468817,4.468863472258205,2,1,1.214200829699661,1.1232441861664908
3.38224500164248,4.578029736254851,2,1,1.2334925097926193,1.0614358419026886
3.487166869676918,4.620253802892873,2,1,1.2720223329550524,1.1122747939650965
3.2546218597388044,4.325521088320532,2,1,1.1014118346062796,0.9939908205988378
3.29294260392529,4.800168668275163,2,1,1.3100299841708953,1.0253582279802262
3.2929583705082224,4.682084310251358,2,1,1.260007998754512,1.0220744728242626
2.6630461886258514,4.72424775211054,2,1,1.153942624202309,0.7250967573540508
2.9407379066522523,5.09971727797168,2,1,1.3676384056364697,0.8670000512226056
3.886830882263767,4.17455759938038,2,1,1.1618371889738337,1.2890232392155803
3.2622185562087256,4.337005902646418,2,1,1.1077718009139974,0.9979066252382328
3.298910142920914,4.493870010062157,2,1,1.1814441014441617,1.0196457304986213
3.530921854719295,4.83617853101744,2,1,1.3721046260456,1.1390033018223318
3.791746561315812,4.082645934902809,2,1,1.1041931992225176,1.2414557590848392
3.482141598432624,4.207348771172001,2,1,1.096111180241578,1.0983878234597242
2.9973982404853987,4.458116070250039,2,1,1.1069786146213396,0.8759362275007487
3.703888091916856,4.515227683266191,2,1,1.270166440154909,1.2119270017007115
3.2754275582150583,3.862851567683713,2,1,0.9095004494589983,0.9909432581115486
3.023534789237489,4.535902849630945,2,1,1.1450741366089359,0.8904753508044857
3.1593656553251144,3.9168091046184266,2,1,0.9095251981192832,0.937512204080084
3.31705695112391,4.4716489585751695,2,1,1.1756005673771448,1.0276157202540903
3.232073181133509,4.676241392859966,2,1,1.2455543053507807,0.9930931671280159
3.526768116484486,4.410802607918659,2,1,1.1910817862219476,1.1251812636811902
3.217717620703644,4.50538615122253,2,1,1.1703491579128367,0.9815362934893913
3.598128004689747,4.284421735739966,2,1,1.1515811514193108,1.15543519264176
3.012958578268865,5.052820128279548,2,1,1.3619794890019816,0.8998767606330089
3.701302448109688,4.08662793651353,2,1,1.0880863675160422,1.19875732749877
3.493940972909308,3.887864476676385,2,1,0.9630866950911424,1.095068169962531
2.7685697809861365,4.878401041505173,2,1,1.2400083638472719,0.7793401837639118
3.297267775457909,4.5066128871748,2,1,1.1865193600500599,1.0192235240014043
2.9666752675606256,3.910513647881559,2,1,0.8689487482963089,0.8461316523664955
2.944910473544009,4.841685115395609,2,1,1.2591469330081833,0.861783221187513
3.165825844718345,4.700254472289281,2,1,1.2426938272843993,0.9624059646495228
3.228925748636921,4.71220346117605,2,1,1.2601700057252232,0.9926057359623116
3.0795862537444902,4.621535193201196,2,1,1.192378731948677,0.9193926070201516
2.801372417861033,4.691264752487183,2,1,1.167183729267578,0.7896506601717028
3.009842126683762,5.06980233143504,2,1,1.3685606817574023,0.8988749914099227
3.17209738491328,4.671707996216493,2,1,1.2318342872904398,0.9645787981515669
3.021759900108533,3.912371540773538,2,1,0.8805730438181559,0.8722563426445019
3.2324322628951543,4.539767115933659,2,1,1.187809184203909,0.9894593522188461
3.103077290056463,4.207599034744303,2,1,1.0216409851609263,0.9189743649427041
3.145998844773936,4.458273258165479,2,1,1.1362805372587792,0.9462769190798686
3.2719941160903057,4.60645818066347,2,1,1.223845396298405,1.0100437443745047
3.143463546140952,4.553250643525748,2,1,1.176017831286229,0.9477240861276307
3.2059892730014194,5.029558819171785,2,1,1.3901015043168992,0.9905945891520687
2.69637872167986,4.184421609190799,2,1,0.931809218595272,0.7258279627041061
3.3961885405834904,4.599510549760094,2,1,1.2453358295818873,1.0686343687452653
2.772979807737178,4.3724840380339725,2,1,1.0265500316675713,0.7673267646526382
3.078895022550756,5.110403102755258,2,1,1.3993460375969478,0.932691035166515
3.2099130406769136,4.528479605545888,2,1,1.1785969809953563,0.9784858493704135
3.187435176619388,4.48327772504537,2,1,1.155025479603056,0.966586669462453
2.704218633919944,4.145767190412316,2,1,0.9169761221274735,0.7284614190939804
3.156152276665935,4.903170982253428,2,1,1.3267539302804596,0.9634828661562098
3.212439224206157,4.504602990228092,2,1,1.1689789214623723,0.979016070904629
3.861045822492147,4.313724981472817,2,1,1.2157209664756579,1.2806973767117573
3.678549402944464,4.796081927712978,2,1,1.3841620538177308,1.2077614784420379
3.2186952563726323,4.560992205620242,2,1,1.194098364411962,0.9835488705505657
3.590191427562582,5.074317350898229,2,1,1.4846499683077845,1.1736943902269883
3.4079656799967384,4.348471157739619,2,1,1.1413028698264098,1.0672118701508744
3.523818113974938,5.077662990743443,2,1,1.4730091814624917,1.1423715219258028
3.697779579555821,4.233679153922882,2,1,1.1496898525517092,1.2011884423818144
3.257686336920989,4.435650086844544,2,1,1.1486696228666666,0.9985108008706198
3.423525531887915,5.107326192664292,2,1,1.4658443319560486,1.0957273485119208
3.11928445481547,4.545919308405234,2,1,1.1681550577415862,0.9360751920554229
3.1780787444358665,4.638570655025869,2,1,1.2189727903526606,0.9664863265735437
3.610406249376824,4.628615968031533,2,1,1.2998106929192927,1.1708400830411425
3.179518132236596,3.9941978018769673,2,1,0.9462747850153146,0.9492078241748719
3.3930089485505293,4.9682855672444655,2,1,1.4009376012321788,1.0774077954508827
2.9791191822398457,4.725024998793296,2,1,1.2164553498160326,0.8747235202267913
3.023095479212815,4.887966015184314,2,1,1.2941352399932935,0.9000800316089385
3.874179449197637,4.66824576624397,2,1,1.3684935196267547,1.296794959502029
2.976762572591622,3.961109110942455,2,1,0.8923674899268196,0.8523164053977138
3.7027470613281706,4.198152953313389,2,1,1.1356168747386017,1.202549495903243
3.219078047552732,4.092469188359456,2,1,0.9956892578622868,0.9706714979606252
3.475879392508172,4.741991201801154,2,1,1.3213743176404684,1.1103251887065233
3.544685280306465,5.069287182411703,2,1,1.4735662230880335,1.1520150150757087
3.219544650660924,3.8357531294370615,2,1,0.8870262349312379,0.9637372264908852
3.255642664458176,4.550572903718896,2,1,1.196953292134372,1.0007465807499067
3.8920602335715726,4.219648072564342,2,1,1.181968062287331,1.292755169897997
2.769768658290264,4.876222916658031,2,1,1.2393214904633985,0.7798469336405495
3.3072865853716404,4.946382167972652,2,1,1.37479366153549,1.0362228124975486
2.8105835218758446,4.492713735772105,2,1,1.0848820334596774,0.7884765370363767
3.19724945390872,5.186643752425828,2,1,1.4549292877539406,0.9908360506313116
3.2431908503910685,4.725631490464656,2,1,1.2686651191195188,0.9997320211713125
3.844866071973492,4.836679867694938,2,1,1.4340816551110578,1.2876147725401452
3.288961187821005,4.493648122134629,2,1,1.1793927672431954,1.0149304616440846
3.3225588028753315,4.437720175583871,2,1,1.1623094479493195,1.0292742270188426
3.217208596159152,4.4236383323841295,2,1,1.1356174854366492,0.9790169048076429
3.362065972163956,3.813570647695216,2,1,0.9056681883710356,1.0305777987135472
3.1681171045433763,4.533369648589981,2,1,1.1724457580651448,0.9588391018065237
2.794132418051806,4.360092496054681,2,1,1.0254620112513444,0.776993439910578
3.5855935139224235,4.325368115008637,2,1,1.1664616104397678,1.1506435580521446
3.2286304908814776,4.841415907597947,2,1,1.3148512920442665,0.996067360404679
2.9741672596507662,4.262488628624402,2,1,1.0195328788326443,0.8594879551139387
3.5353605848425023,5.0307423977359385,2,1,1.4554026474902513,1.1465270973674269
3.146248076984106,4.27494917851995,2,1,1.058666421648167,0.9412853236312425
2.982888401973089,4.42791721297066,2,1,1.0913305828889892,0.8682266700340193
3.298536478733077,4.489574147070205,2,1,1.179550694426328,1.0193491328491222
3.7763346746613657,4.6731525444398665,2,1,1.3513224703165294,1.2506193885483832
3.2746286854366176,4.800460154083944,2,1,1.30655043174747,1.0166979254261093
3.142971002655548,4.5346945373380265,2,1,1.1680598473550552,0.9469737620383633
3.5192567045468817,4.468863472258205,2,1,1.214200829699661,1.1232441861664908
3.38224500164248,4.578029736254851,2,1,1.2334925097926193,1.0614358419026886
3.487166869676918,4.620253802892873,2,1,1.2720223329550524,1.1122747939650965
3.2546218597388044,4.325521088320532,2,1,1.1014118346062796,0.9939908205988378
3.29294260392529,4.800168668275163,2,1,1.3100299841708953,1.0253582279802262
3.2929583705082224,4.682084310251358,2,1,1.260007998754512,1.0220744728242626
2.6630461886258514,4.72424775211054,2,1,1.153942624202309,0.7250967573540508
2.9407379066522523,5.09971727797168,2,1,1.3676384056364697,0.8670000512226056
3.886830882263767,4.17455759938038,2,1,1.1618371889738337,1.2890232392155803
3.2622185562087256,4.337005902646418,2,1,1.1077718009139974,0.9979066252382328
3.298910142920914,4.493870010062157,2,1,1.1814441014441617,1.0196457304986213
3.530921854719295,4.83617853101744,2,1,1.3721046260456,1.1390033018223318
3.791746561315812,4.082645934902809,2,1,1.1041931992225176,1.2414557590848392
3.482141598432624,4.207348771172001,2,1,1.096111180241578,1.0983878234597242
2.9973982404853987,4.458116070250039,2,1,1.1069786146213396,0.8759362275007487
3.703888091916856,4.515227683266191,2,1,1.270166440154909,1.2119270017007115
3.2754275582150583,3.862851567683713,2,1,0.9095004494589983,0.9909432581115486
3.023534789237489,4.535902849630945,2,1,1.1450741366089359,0.8904753508044857
3.1593656553251144,3.9168091046184266,2,1,0.9095251981192832,0.937512204080084
3.31705695112391,4.4716489585751695,2,1,1.1756005673771448,1.0276157202540903
3.232073181133509,4.676241392859966,2,1,1.2455543053507807,0.9930931671280159
3.526768116484486,4.410802607918659,2,1,1.1910817862219476,1.1251812636811902
3.217717620703644,4.50538615122253,2,1,1.1703491579128367,0.9815362934893913
3.598128004689747,4.284421735739966,2,1,1.1515811514193108,1.15543519264176
3.012958578268865,5.052820128279548,2,1,1.3619794890019816,0.8998767606330089
3.701302448109688,4.08662793651353,2,1,1.0880863675160422,1.19875732749877
3.493940972909308,3.887864476676385,2,1,0.9630866950911424,1.095068169962531
2.7685697809861365,4.878401041505173,2,1,1.2400083638472719,0.7793401837639118
3.297267775457909,4.5066128871748,2,1,1.1865193600500599,1.0192235240014043
2.9666752675606256,3.910513647881559,2,1,0.8689487482963089,0.8461316523664955
2.944910473544009,4.841685115395609,2,1,1.2591469330081833,0.861783221187513
3.165825844718345,4.700254472289281,2,1,1.2426938272843993,0.9624059646495228
3.228925748636921,4.71220346117605,2,1,1.2601700057252232,0.9926057359623116
3.0795862537444902,4.621535193201196,2,1,1.192378731948677,0.9193926070201516
2.801372417861033,4.691264752487183,2,1,1.167183729267578,0.7896506601717028
3.009842126683762,5.06980233143504,2,1,1.3685606817574023,0.8988749914099227
3.17209738491328,4.671707996216493,2,1,1.2318342872904398,0.9645787981515669
3.021759900108533,3.912371540773538,2,1,0.8805730438181559,0.8722563426445019
3.2324322628951543,4.539767115933659,2,1,1.187809184203909,0.9894593522188461
3.103077290056463,4.207599034744303,2,1,1.0216409851609263,0.9189743649427041
3.145998844773936,4.458273258165479,2,1,1.1362805372587792,0.9462769190798686
3.2719941160903057,4.60645818066347,2,1,1.223845396298405,1.0100437443745047
3.143463546140952,4.553250643525748,2,1,1.176017831286229,0.9477240861276307
3.2059892730014194,5.029558819171785,2,1,1.3901015043168992,0.9905945891520687
2.69637872167986,4.184421609190799,2,1,0.931809218595272,0.7258279627041061
3.3961885405834904,4.599510549760094,2,1,1.2453358295818873,1.0686343687452653
2.772979807737178,4.3724840380339725,2,1,1.0265500316675713,0.7673267646526382
3.078895022550756,5.110403102755258,2,1,1.3993460375969478,0.932691035166515
3.2099130406769136,4.528479605545888,2,1,1.1785969809953563,0.9784858493704135
3.187435176619388,4.48327772504537,2,1,1.155025479603056,0.966586669462453
2.704218633919944,4.145767190412316,2,1,0.9169761221274735,0.7284614190939804
3.156152276665935,4.903170982253428,2,1,1.3267539302804596,0.9634828661562098
3.212439224206157,4.504602990228092,2,1,1.1689789214623723,0.979016070904629
3.861045822492147,4.313724981472817,2,1,1.2157209664756579,1.2806973767117573
3.678549402944464,4.796081927712978,2,1,1.3841620538177308,1.2077614784420379
3.2186952563726323,4.560992205620242,2,1,1.194098364411962,0.9835488705505657
3.590191427562582,5.074317350898229,2,1,1.4846499683077845,1.1736943902269883
3.4079656799967384,4.348471157739619,2,1,1.1413028698264098,1.0672118701508744
3.523818113974938,5.077662990743443,2,1,1.4730091814624917,1.1423715219258028
3.697779579555821,4.233679153922882,2,1,1.1496898525517092,1.2011884423818144
3.257686336920989,4.435650086844544,2,1,1.1486696228666666,0.9985108008706198
3.423525531887915,5.107326192664292,2,1,1.4658443319560486,1.0957273485119208
3.11928445481547,4.545919308405234,2,1,1.1681550577415862,0.9360751920554229
3.1780787444358665,4.638570655025869,2,1,1.2189727903526606,0.9664863265735437
3.610406249376824,4.628615968031533,2,1,1.2998106929192927,1.1708400830411425
3.179518132236596,3.9941978018769673,2,1,0.9462747850153146,0.9492078241748719
3.3930089485505293,4.9682855672444655,2,1,1.4009376012321788,1.0774077954508827
2.9791191822398457,4.725024998793296,2,1,1.2164553498160326,0.8747235202267913
3.023095479212815,4.887966015184314,2,1,1.2941352399932935,0.9000800316089385
3.874179449197637,4.66824576624397,2,1,1.3684935196267547,1.296794959502029
2.976762572591622,3.961109110942455,2,1,0.8923674899268196,0.8523164053977138
3.7027470613281706,4.198152953313389,2,1,1.1356168747386017,1.202549495903243
3.219078047552732,4.092469188359456,2,1,0.9956892578622868,0.9706714979606252
1.8986319734494903,3.5566168784481373,2,1,0.5089001166704561,0.3307368444709398
1.8842048445817128,3.4746289389602296,2,1,0.4713285048692997,0.3216229830849633
2.071314411565912,3.5819020103811967,2,1,0.553585008393985,0.41317641842162134
2.0395412939956685,3.4443348048415627,2,1,0.48905526756920564,0.39430318368390616
2.0713828655909907,3.5499520171597005,2,1,0.5400632267824957,0.4123183171235198
2.107750716240862,3.5876661856495358,2,1,0.5631953277899541,0.43058327269360375
2.054382449780087,3.414613435970473,2,1,0.47938396360582153,0.40049948009646225
2.100691802403803,3.600479749457617,2,1,0.5672348934702026,0.42759925211739663
1.9510946363677515,3.577541579139924,2,1,0.5280860070672913,0.3561519175450012
2.113221293625189,3.743233109034711,2,1,0.6301757435399847,0.43750855374531167
1.8396874962365009,3.676755549667812,2,1,0.5481988930761963,0.3061854529509921
2.086432807232799,3.581509512621482,2,1,0.5563930886504524,0.42032138627321286
2.129293905165619,3.6423717290074142,2,1,0.5906090614450422,0.4423049316662539
1.9938696151567843,3.455288610647626,2,1,0.4847103838964984,0.3729909597320274
1.9897933507491647,3.6993806493582113,2,1,0.5873152288585985,0.377864836428398
2.013091330408552,3.830882650152857,2,1,0.6476081364763944,0.3925575326594353
1.857574139489525,3.491881190285169,2,1,0.4733979617664427,0.30949886769947976
2.139676826115564,3.643214219584622,2,1,0.5930086842743162,0.4472429044834782
2.2226265952432134,3.5347541470841133,2,1,0.563380157015159,0.4834820924021358
2.098596745172026,3.59815938712516,2,1,0.565839721905275,0.4265429375858006
1.918805330129951,3.64608542666931,2,1,0.55077130206,0.3427790340749636
2.254478888126528,3.71038785361311,2,1,0.6440519122366807,0.5034537828080426
2.125316224657478,3.690512544372454,2,1,0.6102208076400134,0.4417639667642671
2.3055632335416685,3.4908948661222032,2,1,0.5611164326779517,0.5215156023767221
1.9733723763553417,3.8716324069314414,2,1,0.6570570915528104,0.37489334467771607
2.078326475626853,3.824400736240383,2,1,0.6576963561388635,0.4232542645065483
2.068675815986301,3.449363083197971,2,1,0.49691729718496913,0.4082334143976049
1.969636235890735,3.721903814266434,2,1,0.5928912468386471,0.3689517396597995
2.13185915362188,3.606206376066648,2,1,0.5757927043525785,0.4425111349489482
2.0365927178333774,3.5914146306308696,2,1,0.5507838571459227,0.39700692260620046
2.086761379643004,3.752869718419469,2,1,0.6290525218976832,0.42525301670228344
2.198616094690029,3.769298944861756,2,1,0.6580186080653148,0.47865450791324343
1.897131506934297,3.6216557134458425,2,1,0.5361578767836879,0.3318393831077839
2.018314716479896,3.758520372940656,2,1,0.6179803222520598,0.3930130259935458
2.251500778615072,3.523242316636761,2,1,0.5641839403636395,0.4968280966626535
2.018626900338932,3.5674511287674484,2,1,0.5370974412588707,0.3878353558042753
2.180945937372757,3.7680362918866175,2,1,0.6540073145784688,0.47025559674018913
2.316881536883861,3.561898186753739,2,1,0.5934229133850941,0.5288518198311689
2.0250134066263388,3.6029352246401,2,1,0.5533863386656923,0.39184724975816043
1.883197833049602,3.6192018112932502,2,1,0.5323770311336556,0.3251758389806738
1.9670100174811451,3.519241271818185,2,1,0.5065189033484068,0.3620601260847759
2.080485271214866,3.495671514838196,2,1,0.5188586987619905,0.41511381627966565
2.04230164617684,3.4496726871338392,2,1,0.49185966549864335,0.39575850219761927
2.211130417758193,3.822059431762905,2,1,0.6828320230702265,0.48604837111083954
2.3291176875035644,3.5294761841571685,2,1,0.5820950142803133,0.5337398320191535
2.0864050596831976,3.566276326730531,2,1,0.5499342647403153,0.4198836771078976
2.258616546198967,3.842464061533119,2,1,0.700818519736582,0.509093433078542
1.9255807790170336,3.509436824205995,2,1,0.4942146708015176,0.3421773843312432
2.010295528661901,3.471030063526179,2,1,0.4946106657255834,0.3812044893042983
2.160591112634806,3.494248388638643,2,1,0.5340156415967835,0.4529902106198627
2.3219767921429493,3.699701590944465,2,1,0.6528041774692466,0.5351043513258666
2.1431870058895184,3.639859350236965,2,1,0.5922780167324911,0.44881085257422154
2.31098614341059,3.4306953531041504,2,1,0.536680488193155,0.5224045327570663
1.9824279489895096,3.5552055111870304,2,1,0.5247880293127555,0.37036019753383803
1.9498818532189852,3.585804381372329,2,1,0.5313478486088052,0.35580817630623957
2.2009652792352603,3.7132254994401617,2,1,0.634725907454613,0.4782035694441486
2.262274903704676,3.8211792194500314,2,1,0.692521176515548,0.5102317775818471
2.1235618703443286,3.637829844640524,2,1,0.587557237108688,0.4394652287339746
1.839319222264268,3.4947677937274677,2,1,0.4710294090073789,0.30093882236378927
1.9619068792856893,3.341989236616633,2,1,0.4304241271903426,0.3547043609679384
2.176528504559877,3.70179665985423,2,1,0.6250765770085384,0.4663185028970273
1.8799293947458176,3.4953472052821493,2,1,0.47926441946421766,0.32017676218869606
2.1004593022151825,3.591179690129949,2,1,0.563249288198443,0.42722999513478355
1.8478454396898043,3.4893993615132315,2,1,0.4704325619896269,0.3048248625710349
2.1103334856650178,3.5366095147882453,2,1,0.542073881262952,0.43038272196960514
2.026768756756013,3.450805127522215,2,1,0.48928350694948103,0.388437967783692
2.1051825320208,3.625646534475754,2,1,0.5787800095490416,0.4304262669559408
2.0969461935617364,3.6152532939595137,2,1,0.5727566343436937,0.426238128149519
2.138153445045905,3.625773670595589,2,1,0.5853204888368224,0.44603575221690384
1.953453680481068,3.5029351218481644,2,1,0.4969439477585001,0.3551890983524922
1.93140034702948,3.816744740095919,2,1,0.6255470815786436,0.35349713842053465
2.1036866986010145,3.605305785358758,2,1,0.5698685971675077,0.42915132001080375
2.048515907868957,3.6110833752948,2,1,0.5614620360321049,0.4031986632300843
2.096080054567175,3.624632729756156,2,1,0.5765597228713603,0.42608958462353946
1.9817513698450824,3.688271697163052,2,1,0.5810268880349349,0.373748743681456
2.024827592030257,3.7850837338847,2,1,0.6305149139569761,0.39683609711294626
2.092758639464741,3.595641595008244,2,1,0.5636245129578904,0.4237094436976861
2.254175098291054,3.814222962980761,2,1,0.6879807014685951,0.5062040579791253
1.9528469516834488,3.4120830474429558,2,1,0.45833613946754276,0.3523697123040416
2.120023335826118,3.600806764516141,2,1,0.5711766698675461,0.4367584554792561
2.1452011016225505,3.4987938120571505,2,1,0.5329134638215732,0.44583242987525273
2.0983481808572058,3.566713471203883,2,1,0.5524691174358304,0.425548833249649
1.9597534869393003,3.3957178093748848,2,1,0.45276196901903465,0.35518261697875425
1.9288275171103555,3.6668596936047937,2,1,0.5615438239590603,0.3481017961721349
1.921038257852496,3.667852818288412,2,1,0.560432109407137,0.34444262885611654
2.1492435033303896,3.3888411374085186,2,1,0.4871285637144508,0.4446812241353085
2.074391641552917,3.6066883769458062,2,1,0.5646908759698811,0.41532378629030986
2.161634740260312,3.5938892449250988,2,1,0.5764326712240879,0.4562613503419562
2.043605453441643,3.6589742435209818,2,1,0.5807843832443881,0.4022092270911325
2.256149502471237,3.5978340495424463,2,1,0.5966984535671472,0.5011074539079466
1.8699684633010691,3.637334964919651,2,1,0.5374562192635248,0.3194194565743505
2.1161882790358404,3.6852463260293433,2,1,0.6061940240345677,0.4372967075081377
2.3911838278576787,3.657644682745654,2,1,0.6486028781604025,0.5666895389611611
2.1119360151652504,3.692530011300836,2,1,0.6084430936219266,0.4354870157952278
1.965067200083916,3.489407008999006,2,1,0.49349773392879104,0.3603090098072813
1.9553194811213528,3.752630155036449,2,1,0.603091465065971,0.3630316654356162
2.043114402414777,3.7515148676969066,2,1,0.6198915517184966,0.404556069864699
2.101856309963761,3.6028339402666125,2,1,0.5684613219384526,0.4282160575262454
1.928336492192918,3.657924814220325,2,1,0.5576620614479771,0.34762035129956775
2.089074152098086,3.575579089768077,2,1,0.5544003848052677,0.4214063083063645
-1.447264101114072,3.1243924735609423,3,0,0.5081331607924341,-2.038320479203094
-2.058407846234281,2.645952751245508,3,0,0.18521266975968315,-2.3409247552022907
-1.712481911049088,3.085938717484201,3,0,0.43966434170033586,-2.164926346706461
-1.2356348299669797,2.9863567734422007,3,0,0.49129135844622235,-1.941998451621065
-1.7923524836432982,2.999667654342585,3,0,0.3874030450761707,-2.2051355731824476
-2.153522757730487,3.214147838580801,3,0,0.40720933494899053,-2.3701083833321728
-1.6465485059545026,3.216614279888496,3,0,0.5079951310106624,-2.1300762922578387
-1.5184103829857891,2.81551326151712,3,0,0.3632828650453611,-2.0806047638916327
-1.824773444716032,2.998219551907805,3,0,0.3804111497696691,-2.2205215703413295
-1.464260553264145,3.524483202814489,3,0,0.6742831790437055,-2.035214087520752
-2.1665118675796826,3.4287591498717878,3,0,0.4955715148700589,-2.370274854477607
-1.2030066760054676,3.2188079435576107,3,0,0.5961858231539255,-1.9200759249206742
-1.2056918321959724,3.190159588075456,3,0,0.5835210038297083,-1.9221453550406369
-1.3723623228434885,2.65679348004267,3,0,0.3247761957770204,-2.015900433446374
-1.2501185117649307,2.6583027938106505,3,0,0.3494655578419668,-1.9579973723848914
-0.9279150138806184,3.037414145365625,3,0,0.5734612994630739,-1.7949240573868563
-1.279267034793989,3.529982257065152,3,0,0.7130079781860186,-1.9474988499438872
-1.3247515660693387,3.066449292010945,3,0,0.5076890215184995,-1.9819472696651321
-1.284685764889611,2.5594393882250306,3,0,0.3007825274380536,-1.977114397318387
-1.3075572427371704,2.960393326715396,3,0,0.46614239573243454,-1.9767647402319144
-1.6303248064955629,2.6114966374698474,3,0,0.2548357771313558,-2.139262905886693
-1.097991390909301,2.685970203479878,3,0,0.39111566972329714,-1.8852207359652893
-1.474231551525561,2.842563429159596,3,0,0.3834339980074984,-2.058939903917876
-1.3821117396207525,2.7910611567279324,3,0,0.3797390836534916,-2.016772796213673
-1.747769788660937,2.751568765402797,3,0,0.2910698832990693,-2.1909484407908115
-1.3263028615452026,2.9477712889186765,3,0,0.4571072450738334,-1.9859892996538566
-1.4430814919872457,3.397131411891116,3,0,0.6244987682999439,-2.0287390358485062
-1.0809051854544045,3.186679452462708,3,0,0.6065969142279765,-1.863177772188736
-1.4493467882576705,2.726683067971332,3,0,0.3392383782825285,-2.050391123772709
-1.896926843812265,2.773227641667851,3,0,0.2709006118303892,-2.2609444622938937
-2.411407904595598,2.910558386019372,3,0,0.22786142221380706,-2.500633317778246
-0.4660371316124467,3.1018604609429627,3,0,0.691632006975787,-1.574509696355305
-1.5788609631004829,3.290582617850165,3,0,0.5526476583803035,-2.095976491046991
-1.6763260539919496,2.951088698594045,3,0,0.3896498918789638,-2.151571399027309
-1.1840600483506962,3.2720970270250214,3,0,0.6224886484527355,-1.909622761296299
-1.5986322083427973,3.150486093360194,3,0,0.4894076205235293,-2.109239441811881
-1.908804116043185,3.299170853830534,3,0,0.49137372997412126,-2.2519073080949705
-1.4369500003188975,2.80149724012744,3,0,0.37337146115014275,-2.0424382180024336
-1.5290305106901418,2.722534197533681,3,0,0.3218039695127269,-2.088223020148414
-0.9316422914782702,2.4028640658072318,3,0,0.303908122234186,-1.8143742913291583
-1.5265145911584197,2.596923278436356,3,0,0.2690853167912695,-2.0905331700356786
-1.241754971012969,3.1434714756770243,3,0,0.5566471424405458,-1.9405162025604266
-0.8136821205503274,3.0767930368473584,3,0,0.6126176258383307,-1.7397572687112366
-1.2374401927407996,3.2450087194075143,3,0,0.6005111133614923,-1.9356438913721599
-1.176083229618036,3.3122214467357933,3,0,0.6410562402774378,-1.9047287995070208
-1.7963977950108236,2.9698747958438583,3,0,0.37398577642725556,-2.207880697409347
-2.0563770577242457,2.7068909331542974,3,0,0.21142796587661122,-2.3382650793404043
-1.4081363365233852,3.054770470510722,3,0,0.48633649968678355,-2.021740835762344
-1.441242954271384,2.9383674157946347,3,0,0.43051035954928657,-2.0406553668891156
-1.6410515315971472,2.743688071615531,3,0,0.3087268152792703,-2.1406557211684487
-1.1591837033758263,2.9993811904554906,3,0,0.5118498177115249,-1.9054492451099334
-1.6068958306178236,3.331411501440366,3,0,0.5644288342031881,-2.1081081089133296
-1.1942089671232707,2.975536952868852,3,0,0.4948576916229591,-1.922692142106306
-1.4720775108848885,3.113683368183443,3,0,0.498714639210658,-2.0503637561250505
-1.50384133937806,3.369411999976152,3,0,0.6008020077617673,-2.0582707503257196
-1.7642516436748532,2.6979599192343207,3,0,0.2651165077359125,-2.2002438794216053
-1.8829721143877356,3.230919296494448,3,0,0.46754186553150423,-2.2415826786111714
-1.7673698957407171,3.4324451838233707,3,0,0.5756593094326228,-2.1812484339280758
-1.1657424138341417,3.308195514616068,3,0,0.6413851278589484,-1.899946447564452
-1.574954098437302,3.230131502133813,3,0,0.5278068621392318,-2.095812154651759
-1.269900141569814,2.727545454891737,3,0,0.37490762790923926,-1.9654305886877872
-1.550934780037191,2.5964521329248265,3,0,0.2640813511254096,-2.1021049759937718
-1.1909922707581992,2.538516317001149,3,0,0.3103517443480199,-1.9333501313285324
-1.7631772166340949,3.1528703247382257,3,0,0.4580454767236919,-2.1870561770393406
-1.63165596468319,3.575041974215629,3,0,0.6627688463926901,-2.113037279654015
-1.429788881465624,3.263812490341685,3,0,0.5706348892476805,-2.0261631491170458
-1.7768409148240043,3.0945485612917216,3,0,0.4306499651901038,-2.195149070187886
-2.007067073464522,2.629144771258704,3,0,0.1881928236622567,-2.317092376144171
-1.9498715022061195,2.9401366245483107,3,0,0.3311934858593523,-2.281352421922054
-2.084912392091054,3.0411793926602835,3,0,0.3474314729569313,-2.3424543481065334
-1.5899768823798075,2.402520803472134,3,0,0.17424351116680298,-2.125989766345244
-1.6374518205901554,2.964243541996766,3,0,0.40287081561227095,-2.1328046224334756
-0.9525798267689662,3.036758088096758,3,0,0.568330871297109,-1.806616803702671
-1.7366489960703284,3.3162425719640014,3,0,0.5324753595838977,-2.1699462489814865
-0.4315833307583612,3.475449314901949,3,0,0.856677010171105,-1.5477892917745995
-1.0088541152178447,2.8422407144038107,3,0,0.47485454082246037,-1.8386743444412466
-1.6093351307192163,3.227475961819956,3,0,0.5199178298108672,-2.1121595549935295
-1.5472835326374668,3.6010063358688065,3,0,0.6903675840800315,-2.0723780660796294
-0.9832193218197426,3.6741962531022776,3,0,0.8323463152343302,-1.8033527101090463
-1.7943368935741324,3.4911547291874774,3,0,0.5952255132053172,-2.1923762375241274
-0.9480360214077004,3.310260598816756,3,0,0.6850910184054171,-1.7968431152121005
-1.6602198295719237,3.011778960108448,3,0,0.4185293273608241,-2.1422563841212394
-1.1940672954197675,3.141002234057789,3,0,0.5649830370988208,-1.9180132782384933
-1.5808997895404409,2.729647968064857,3,0,0.3146129976463024,-2.1125757486917762
-1.0755380447203822,3.0553300185653383,3,0,0.5520081478872079,-1.8642983116117233
-1.5463608595589695,3.1703116432350167,3,0,0.5080902295611549,-2.0839455576679513
-1.6318898259234986,3.17128996461727,3,0,0.4916779174665552,-2.1244012475371847
-1.8218961853866784,3.0540600364230017,3,0,0.4046333973765224,-2.2176033208350145
-1.126075202897744,3.133974807283027,3,0,0.5753825517767291,-1.8860268200165702
-1.2280913143230934,3.12766231877042,3,0,0.5526379295193348,-1.9344894876350347
-1.179430834049893,2.806952464878825,3,0,0.42634621701146236,-1.9203960342176907
-1.6169180009582065,2.789273576430926,3,0,0.33278656665482925,-2.127962181380349
-1.4512533577473825,2.2775015340464577,3,0,0.1485726664570744,-2.06381302590034
-2.1334214752220846,3.4253152426695537,3,0,0.5006226685916256,-2.354708347949883
-1.8847479447739892,3.0405125142217573,3,0,0.38652883795429643,-2.247730193178431
-1.0857441816364248,3.587713240701252,3,0,0.7755382777905042,-1.8542906737265288
-1.2561486185607171,3.264891965316611,3,0,0.6052537715188461,-1.943944867255325
-1.566208559193361,2.72790008835492,3,0,0.3167628463505027,-2.1056707455310995
-1.561402316852435,3.4706251032296462,3,0,0.6323553702920232,-2.0826947862134055
-1.6414821199686611,3.130926335097468,3,0,0.4726911623470605,-2.130066520608126
-0.4031672769183362,4.540506923450307,3,0,1.3134669882073284,-1.5046542557317737
-0.4062451243302062,4.082327828616612,3,0,1.118759128191274,-1.5188813302063424
-0.4450785085265965,4.53064933774018,3,0,1.3010454181208606,-1.5247666177132875
-1.00110666129369,3.7837945436235607,3,0,0.875257264216944,-1.808764530270634
-0.3554835303626231,4.452707363824756,3,0,1.285652896900216,-1.4845314965265863
-0.3107927610938484,4.069553095729834,3,0,1.1321263311660685,-1.474057439872285
-0.0647424914170653,4.626805189693282,3,0,1.416607154051689,-1.3420642209822815
0.1932827649216063,4.306322529440953,3,0,1.3316016208875328,-1.2288669520452087
0.0392625327613451,4.623028023011758,3,0,1.4354687033155191,-1.2929413685400912
-0.4646096987750028,4.180756244920699,3,0,1.1489746921852462,-1.543763342350814
-0.9250316370745622,4.0755392228766505,3,0,1.013818380303911,-1.7646249203880444
-0.4649561761645567,4.4103652477793895,3,0,1.2461777541915056,-1.5375277335590385
-0.4809755176149318,4.115165946273785,3,0,1.1179683400397629,-1.5533378022790538
-0.7864700476710079,3.997559644166924,3,0,1.0080435036397508,-1.7012137492947808
-0.8873841460213358,3.949984566443773,3,0,0.968035264989104,-1.7503048677246384
-0.3696181589436265,4.618331343666214,3,0,1.353036787658531,-1.486605532503869
-0.1890714835781325,4.169703633547967,3,0,1.1985011172463247,-1.4136524030907889
-1.280155654129918,4.273639177608765,3,0,1.0278748996718803,-1.9271924344826563
-0.8771233049383997,4.31658701825045,3,0,1.1253608931002157,-1.7352303076056765
-1.201087514739937,4.274133681295527,3,0,1.0436400694232806,-1.8897537622597478
-0.6328372791653327,3.7719949156272574,3,0,0.9427109349095671,-1.6347824761085479
-0.1481523953349722,4.436362119756195,3,0,1.3195182588783319,-1.3868521560488325
-0.978563701825523,4.256292972988785,3,0,1.079860866636511,-1.7849250359413917
-0.5719957813783533,4.39845280504048,3,0,1.2200724650956547,-1.5885242245218354
-0.603042493426586,4.35974268794283,3,0,1.1975653100906922,-1.6042983135214777
-0.4138773541305548,4.263707004561879,3,0,1.19409679409913,-1.517438496459357
-0.7095636924534048,4.25590159723197,3,0,1.1326174910276121,-1.657611642541072
-0.714916089675995,4.465000431582156,3,0,1.22014680195808,-1.6543171126947254
-0.8150095823183838,4.31038985340137,3,0,1.1349556421389182,-1.7060030851729044
-0.6333906464052415,3.58231227590353,3,0,0.8622451865494398,-1.640331185766355
-0.8027462255294672,4.6362082549282775,3,0,1.275397544159844,-1.6911174081669567
-0.2467789986433766,4.072641242950194,3,0,1.1460285057783888,-1.4436720840795083
-0.597930003205996,3.76132026556975,3,0,0.9450563165329057,-1.6185575274796082
-0.9461846297984188,4.30203021074294,3,0,1.105607106265837,-1.7683244501275743
-0.2557388045522375,4.816605157361105,3,0,1.4594375755280498,-1.4271774027143702
-0.2296008322190436,4.384957415413727,3,0,1.2817172709679867,-1.426836437907447
0.1865475532329522,4.76658197414759,3,0,1.5252601992651609,-1.2192266561162377
-0.0324607320284864,4.29560881687169,3,0,1.2826506369260116,-1.33601549550009
-0.6236618036606685,4.723592861305308,3,0,1.3476496789204622,-1.6039167971847388
-0.3667318305242311,4.3479922393969055,3,0,1.2390785684652879,-1.4927741867721251
-0.1674996389632613,4.617268733194414,3,0,1.392350944946203,-1.390967496804944
-0.5913342093211391,4.581138838484472,3,0,1.2936607164681106,-1.5925857970458253
-0.6921559709910925,4.7568599017897055,3,0,1.3482674993768273,-1.6354095557378903
-0.2096980054017865,4.418915403369327,3,0,1.3000188191804427,-1.4164694732560663
-0.5540282286435223,4.43128753350984,3,0,1.2375174160274311,-1.5791045797658594
-0.3119820164132124,3.625724082918104,3,0,0.9438692763680574,-1.486990635473167
-0.1873706407486082,4.227630251120092,3,0,1.223375685853155,-1.4112328361838846
-0.1829043336463,3.9172416378254296,3,0,1.0927617916328642,-1.417769897749792
-0.7868890242327621,4.185880389899071,3,0,1.087741004569416,-1.696163232175987
-0.5633480154149613,4.151158873841792,3,0,1.1170105614277734,-1.5913235397659535
0.1583453130738513,4.287980149940757,3,0,1.3169575699372658,-1.2459149390952462
-0.5433409756360772,3.964883873465213,3,0,1.0420334263878412,-1.5870455276560507
-0.7650730191203381,4.601300556407669,3,0,1.2680210346687488,-1.674258694322455
-0.906877079184708,4.902700355584017,3,0,1.367807415609863,-1.7329774934682411
-0.5419823602315086,4.038584650852358,3,0,1.0735232083162427,-1.5843482919223135
-0.6198998344321092,4.490541675880854,3,0,1.2496603314458663,-1.608631709579933
-0.5653849524582931,4.3737138818772126,3,0,1.2108927021924547,-1.5860846741770644
-0.3736152255410139,4.432400881167863,3,0,1.2734831009771603,-1.4936796497744713
-0.9038408071926975,3.884598512852521,3,0,0.9370975668190797,-1.7599166328888682
-0.9422014814040393,4.446191009428437,3,0,1.1674628145171022,-1.7624211143679858
-0.6642234286680065,4.359598892513082,3,0,1.1854678001604375,-1.6332607584793928
-0.3348948095850279,4.234628415939229,3,0,1.1973168219061792,-1.480864592251358
-1.1445782997893077,3.975995044653304,3,0,0.9284545363857168,-1.8713162108723356
-0.4242095115677632,4.58346581854317,3,0,1.3275262331025661,-1.5134167218146681
-0.5301972982629284,4.214765103288947,3,0,1.1504786065908286,-1.573859675296197
-0.4965447423483521,4.239040952547265,3,0,1.167383516730501,-1.5572544848099257
-0.6838485364325273,3.981097505187143,3,0,1.0212590204488716,-1.6530992998519645
-0.7211529197832226,4.330768499747035,3,0,1.1620539605385412,-1.6610104363729703
-0.4121782069518453,4.08005536478898,3,0,1.116629164233172,-1.5217529412682727
-0.5779810131610723,4.89894118332077,3,0,1.4309211202050183,-1.5774076938758985
-0.3590668532545478,4.527936874802153,3,0,1.3168180440605042,-1.4841307929083245
-0.0232578992606253,4.273039573750292,3,0,1.274899978862314,-1.332288613381957
-0.3174545535968651,4.348903444344404,3,0,1.2491592850471154,-1.4694246461871692
-0.5934223992418711,4.280697039287982,3,0,1.1659711599835487,-1.6019480276740423
-1.1133710658651743,4.133735589276177,3,0,1.0014191509023986,-1.8521485564517326
-0.6879196834458975,4.227951844475608,3,0,1.1250350892319012,-1.6481460108125021
-0.954701429463334,4.102204121861339,3,0,1.01927749483984,-1.7779251633501627
-0.3896746559647727,4.387355120789398,3,0,1.2512404855561126,-1.5025364762886613
-0.357203185622734,4.6135761049192565,3,0,1.3534647776842958,-1.480861757982788
-0.7187603834781584,4.099486565808172,3,0,1.064544717216471,-1.6663242228190387
-0.6255702552265945,4.223401444693156,3,0,1.135373843613443,-1.6187613249123634
-0.3478392463118179,4.752615501287378,3,0,1.414209466528001,-1.472554304369169
-0.0747302963693298,5.0704230522923295,3,0,1.6025758090490532,-1.3344272872543779
-0.529459210645978,4.213704579277886,3,0,1.1501745373406025,-1.573539878986859
-0.6299037796696689,4.35530370762872,3,0,1.1904001608782946,-1.6171361412356757
-1.000812542368934,3.663822460108233,3,0,0.8244903278752188,-1.811969148652088
-0.755310142106032,4.237425358976026,3,0,1.1157901956582064,-1.6797795242234785
-0.5152158714203339,4.150732131179298,3,0,1.1262991810643495,-1.5685533096258517
-0.3699956374171733,4.333284825754848,3,0,1.2322058272840628,-1.4947289479964125
-0.6440952426037098,4.003686036633508,3,0,1.0386493624642579,-1.6336535089912847
-0.9606123027153064,4.2470838304341365,3,0,1.0794912345987628,-1.7766848734115106
-0.2048770045292586,5.065866446617296,3,0,1.5750406993322688,-1.396155916687349
0.188901989074528,4.0309551009632365,3,0,1.2140834967487444,-1.2386154531924245
0.4081608087076861,4.06325601683473,3,0,1.2709038723208785,-1.1339345933869782
-0.4995119612506657,4.8568187372822,3,0,1.4285142437222866,-1.5414403934763086
-0.6863533622297022,3.9969263118345992,3,0,1.0274719197818203,-1.653843718770041
-0.4529792055758437,4.096322693971247,3,0,1.1154935400648809,-1.5406116556174125
-0.5255580917282852,4.166053517984337,3,0,1.1307552073084317,-1.5730215022596155
-0.61172737783961,3.93163376697985,3,0,1.0144932199966217,-1.6203412277131959
-0.4980540816736602,3.660933419430766,3,0,0.9221779304887208,-1.5740817615518847
-0.4324614823180582,3.423659250036955,3,0,0.8345639762481246,-1.5496484222555253
0.1477089729972714,3.2995483345955106,3,0,0.8961271714068286,-1.2784987055060015
0.139764507339952,2.625529813112105,3,0,0.6090239606926409,-1.3010450925844332
-0.8248895620087846,3.2597824503049964,3,0,0.6879340717517539,-1.7399617901854159
0.1584795795659758,2.3149886925963603,3,0,0.48114872691651694,-1.3008421148061164
-0.0584436285962946,3.181672778403676,3,0,0.8056325648756092,-1.379361185977775
-0.2399108533592078,2.981732342318601,3,0,0.6852286535771711,-1.4708267641083537
-0.0222177624778413,2.899997165757043,3,0,0.6934309054796183,-1.3700653877353786
0.5826424374272324,2.954569457827563,3,0,0.835548599234866,-1.0822491954174074
-0.2986619828711539,3.3685712183339183,3,0,0.8375499592493766,-1.487853237623771
-0.2425134591306599,3.335466570301345,3,0,0.8345720817476305,-1.4621994487996797
-0.395490373238649,3.12485601431955,3,0,0.7152530126312833,-1.5404772590940556
-0.7443206253753899,3.7259798711385264,3,0,0.9012842176396564,-1.6888327979054305
0.2054357609086379,2.5200452337794603,3,0,0.5772566327464783,-1.2729013176339858
0.0172222292323069,3.3724717118448053,3,0,0.9013486722210485,-1.3382287793108498
0.0153660765598151,2.718829840853253,3,0,0.6240755966736652,-1.3573254856001107
-0.2569835057627089,3.005743862698804,3,0,0.6920420261803787,-1.4782384260761736
-0.6262415638412838,3.552776061903132,3,0,0.8511390010180784,-1.637770575668537
-0.1446797175967801,3.31329531327099,3,0,0.8444270615123535,-1.416510291298087
-0.2889024914616426,2.915147966997814,3,0,0.6473824456281561,-1.4958715311077737
0.0375791514993008,3.2719106883079405,3,0,0.8627521178863667,-1.3313961605878162
-0.5561038321787756,3.0037077754748704,3,0,0.63233123486243,-1.619876161886312
0.5506230665226128,3.201424356291176,3,0,0.9338264373735227,-1.0905244705976396
-0.1440879707582044,2.950491376867198,3,0,0.6908457434988706,-1.426342184114527
0.1168601373451511,3.1294155134957684,3,0,0.817983221167557,-1.2978421156834012
0.0637957174646591,2.588898066695561,3,0,0.5785594201983221,-1.3380239749139209
-0.2372215198707545,3.059889092935378,3,0,0.7188679599159981,-1.467375471091398
0.1191705536691036,3.009727076589036,3,0,0.7677331300526441,-1.3000844653278703
-0.6274893103725329,2.729856012613772,3,0,0.5022728583001705,-1.6612973877060258
0.1689986617130035,2.358441961031847,3,0,0.5016267063160383,-1.2946520565492035
-0.2533900543013416,3.471657518016491,3,0,0.8901279829783101,-1.4635517278129713
-0.1358606176058536,2.9737220923608816,3,0,0.7023058003593505,-1.4218004953634777
-0.3201758541518745,3.393430905453096,3,0,0.8438488930796126,-1.4973433975157184
-0.4719853739764529,2.832385042535306,3,0,0.576301585834897,-1.5848358972078065
0.3217285873796131,2.6133213513677767,3,0,0.6396511687130327,-1.21525730199747
0.4309739680270365,2.6837417441259634,3,0,0.6909766405035191,-1.1615860443892247
0.0584622777784252,3.4403884398241598,3,0,0.938234286716762,-1.316815894756077
-0.5707593341501517,2.828597453566493,3,0,0.5552644615590683,-1.6316936017520034
0.3305469626202931,3.550933003152635,3,0,1.0385945242683574,-1.1849504698924165
-0.1625484916855476,2.315088690070259,3,0,0.41803278548679074,-1.4527897871181972
0.3458209131574709,3.387090326614034,3,0,0.9721894097844309,-1.1822875168483675
0.1317026010968426,3.5010079779188708,3,0,0.9783241886522851,-1.2804598807989516
0.0672278992267299,3.16475290592904,3,0,0.8231889739269247,-1.32034935621225
0.1571661351310531,3.3352292989632737,3,0,0.9131035834751653,-1.2730279077616806
0.4723459426250168,2.4890584426480986,3,0,0.6166407116951755,-1.1474298387267472
-0.0570239566714849,2.599153442848277,3,0,0.5591342157578649,-1.3949250545209486
-0.1722957302408192,3.0100284572287426,3,0,0.710518418490361,-1.4380342057794433
0.1855896022111424,2.5776412161888675,3,0,0.5977520253800108,-1.280689690376449
-0.1785993754315187,3.4814648380462008,3,0,0.9089968833512966,-1.427878118058467
0.0496006885014077,2.9575889957304677,3,0,0.7319584177045575,-1.334466768356102
0.4415237109879824,3.3059680429822365,3,0,0.9566512247474359,-1.1392500556193565
0.2520618627886709,3.6229715606967616,3,0,1.053671861895914,-1.220091551745156
0.1980080953921246,3.141900423798168,3,0,0.8392371681101646,-1.259084820650171
-0.4582856735807333,3.3101387823302915,3,0,0.7813917384979178,-1.5650356595750683
0.1515263022097518,3.351748677916321,3,0,0.918992261970443,-1.2752369549788398
-0.3805853568743774,3.5878095516037627,3,0,0.9143103598425901,-1.520519023417185
0.986940463050636,2.8680729570757446,3,0,0.8784459845700078,-0.8932958333424653
0.7468386239570339,2.9457760008535896,3,0,0.86412692156852,-1.0047762024268252
0.0041407654699893,3.3379986127909302,3,0,0.8841709219350614,-1.3453813825811527
-0.1804760099858238,2.957696578063484,3,0,0.6867392476920977,-1.4433647139304493
0.2594195080895086,2.8176493516928374,3,0,0.7139538473377642,-1.23905473815023
0.13684573323187,3.2956467950664496,3,0,0.8923371206982256,-1.2837492860503041
0.1942432714189356,3.1030905695733555,3,0,0.8220551348108125,-1.2619485027771997
0.4199451904981638,3.302712124868881,3,0,0.9510265851534245,-1.1495544467258851
0.1925683113676112,3.140718155606919,3,0,0.837666103461137,-1.2616925557260996
-0.031124685600797,2.676124406004234,3,0,0.5968374450849547,-1.380520978790091
-0.0884074964978545,2.959594989552048,3,0,0.7056568298047551,-1.3997335164403637
-0.1007468690577816,3.2279221611392632,3,0,0.8169029471667272,-1.3980952958895532
-0.4284971816026554,2.8794369002307616,3,0,0.6047903312505133,-1.5629404515198166
-0.1429574489058992,2.382857666260495,3,0,0.4505966323850442,-1.4416280260410863
0.0793572501325494,3.4005026090383264,3,0,0.9254479383208397,-1.3080374798449148
0.4349340010442962,2.423061164441719,3,0,0.5813213828550842,-1.1669772879426996
-0.4620862702041722,2.9139519804381475,3,0,0.6128040121726304,-1.5778769952019738
-0.5391404324995329,3.9355931552524734,3,0,1.0304511536580878,-1.5858736911853382
-0.0579984925102722,2.525126755729679,3,0,0.5275819288066752,-1.3974495796515554
0.5978303431895572,3.248934697277185,3,0,0.9632410978461753,-1.0668559123699572
-0.3480570651420704,3.1796951923064203,3,0,0.7478169199409559,-1.5164974471246042
-0.1831590683319685,2.262019553529961,3,0,0.39149577679423025,-1.464024408303019
0.0030661571462928,3.189988220666712,3,0,0.8212565967671618,-1.3500153299037778
-0.1879461531719818,3.1391424508095915,3,0,0.7621370574740635,-1.4418433016571033
-0.3218362084310768,3.0259581135600078,3,0,0.68784659480089,-1.5083713942038774
-0.2764445975938958,3.154484437161801,3,0,0.7512255396153429,-1.4833041778194256
-0.3016185151170761,2.74392839159327,3,0,0.5723455109491659,-1.5066625264011806
0.0489203139330521,2.524948240108169,3,0,0.5485412560587526,-1.3468472618945688
0.0589425370744611,3.3103730802709546,3,0,0.8832492522015886,-1.3202123320272325
0.2822872081254435,2.817452838395642,3,0,0.7183695340011307,-1.2282363720569371
0.0653572455568602,3.1910308637744267,3,0,0.8339533021440831,-1.3205023697651315
-0.0247279521835728,3.1096200853950062,3,0,0.7817414083376172,-1.3654109641906222
0.443219441593733,3.1575366625049117,3,0,0.8941035826154334,-1.142584467266125
0.1244315007450754,2.93415210671105,3,0,0.7367516849995419,-1.2997007368202533
0.1927419148837708,2.789013270168501,3,0,0.6887045068777892,-1.2714130160432695
0.1543243110028489,2.618655673267998,3,0,0.6089762713642313,-1.2943451747445192
0.4788612881400187,2.600624315860053,3,0,0.6651861311602211,-1.1412364296255988
-0.0827290154335013,3.2881144959841437,3,0,0.8459475311245895,-1.3878893380862558
-0.0703254405458154,3.0645579133325973,3,0,0.7536805925678964,-1.3882493353777041
0.0393194270264027,3.1565297047017618,3,0,0.8142146619282513,-1.3337883155868917
0.1854944556734938,3.423023855929749,3,0,0.9558699899431876,-1.2571724308272902
0.2644183764701991,2.8904140981233546,3,0,0.7457632652296998,-1.2346605702268711
0.0523320922768282,2.5243869642475323,3,0,0.5489747031718737,-1.3452480272709775
-0.188062770088955,3.311640953236023,3,0,0.8351911315685658,-1.4370906639343635
